post_id,one_comment_id,author,content,time,ip
1,0,辰风81 ,想屁吃呢,2025-10-15 10:34:34.597159-04:00,无
2,0,潜水铅笔 ,狠狠的打,2025-10-15 21:06:00,无
2,0,"强度榜
",又打起来了？,2025-10-15 21:25:00,无
2,0,玫瑰刺Rosethorn ,转发微博,2025-10-15 10:17:36.896512-04:00,无
2,0,枣庄笑笑笙 ,转发微博,2025-10-15 10:15:36.925803-04:00,无
6,1,"柏麒的光影
",西方强盗太野蛮了，想要中国的命。中国使用稀土武器也是迫不得已，自卫罢了。,2025-10-15 14:03:00,来自广东
6,2,"心心心已歇驰求
",要尽快摁倒美国,2025-10-15 19:44:00,来自江苏
6,3,"太阳照在呼兰河上
",钱和你对我都不重要，没有你对我很重要,2025-10-15 12:28:00,来自江苏
6,4,"灯T小ji
",哦莫哦莫，那怎么得了[哈哈],2025-10-15 11:49:00,来自浙江
6,5,"以式裂造-阿道夫肥皂
",玩大啲，就是要你們全停！,2025-10-15 16:11:00,来自中国香港
6,6,小赵不说事,无需担心，只要不转卖给美英日韩等敌对国家，阔以坐下谈[可爱],2025-10-15 22:03:00,来自上海
6,7,路过的熳鱼猫,怎么觉得不要带“西方”，只要与美国划清界限就可以了。说不定离开了美国掣肘，欧洲迎来新的发展。毕竟当时欧洲崛起的文艺复兴，工业革命和美国没有任何关系，是美国摘取了他们创造的果实。,2025-10-15 19:44:00,来自福建
6,8,"山巅一寺一壶酒而乐吾山吾把酒吃
",土殖不这么认为[笑cry],2025-10-15 20:09:00,来自内蒙古
6,9,红烧肉崇拜者,欧美高科技制造业停顿，管月薪三千人民币的我什么事？你们爱停停呗，别耽误我吃肉喝酒。,2025-10-15 20:58:00,来自上海
6,10,"财猫猫啊
",[手指比心],2025-10-15 12:14:00,来自四川
6,11,黑超特二,世界和平提前到来[允悲],2025-10-15 14:11:00,来自广东
6,12,"西北望射天狼DL
",很简单啊，你西方国家和美国脱钩啊[doge],2025-10-15 14:32:00,来自辽宁
3,0,老云竹波 ,哪有这么快交货的。看货差不多,2025-10-15 10:46:44.224348-04:00,无
3,0,LeiSunshiny ,印尼雅万高铁欠的50亿美元40年分期贷款，第一期本息都付不起！买j10又要贷款多少？,2025-10-15 22:02:00,无
3,0,少年羊肉串 ,一桃杀三士？,2025-10-15 21:10:00,无
3,0,用户7923239455 ,可以自我测试了,2025-10-15 21:30:00,无
3,0,"老王RR涡扇花动机
",转发微博,2025-10-15 21:25:00,无
4,0,草民视界 ,中期选举就是你们报仇雪恨的时间哪,2025-10-15 10:54:46.561903-04:00,无
1,1,,,,
1,2,,[笑cry],,
1,3,,,,
1,4,"沙哑的浩克
",为什么我们的媒体人，从不站在自己国家的立场这一边？,2025-10-15 22:36:00,来自江苏
1,5,"哈士奇想找杨戬
",活在自己的世界里不是蛮好的,2025-10-15 22:38:00,来自江苏
1,6,"崇朝其大雨
",昨天看到一个IP美国的殖人就这么说~,2025-10-15 22:39:00,来自山东
1,7,抬眼又见花开时,那是不是可以理解为“资本来到世间，从头到脚，每个毛孔都滴着血和肮脏的东西”，穿着西服的人渣，不管外表多光鲜亮丽，始终是个人渣,2025-10-15 22:30:00,来自新疆
1,8,"天秤有两个盾
",师夷长技以制夷,2025-10-15 22:31:00,来自江苏
1,9,"HTvCHT
",中国靠粗放劳作就能控制全球稀土，欧美天顶星科技却产不出来，你说奇不奇怪[doge],2025-10-15 22:12:00,来自北京
1,10,Bleeldf666,跟团建殖子们的话术一致，就是西方没稀土技术的原因只是爱环保,2025-10-15 22:34:00,来自广东
1,11,"读网思考
",这是西方媒体的配图语言，就是给读者造成中国不好的印象，带中国落后的节奏！忒坏！,2025-10-15 22:12:00,来自浙江
1,12,"家有小妞狮子座
",我们的媒体人也一样！,2025-10-15 22:28:00,来自北京
1,13,"南无_mo
",充分利用西方人低文化优势[吃瓜],2025-10-15 22:53:00,来自河南
1,14,"5CVISION_TATA
",看来稀土在英语中是直接翻译的汉语[思考],2025-10-15 22:26:00,来自重庆
1,15,搬砖高手吴彦祖,这配图恶意满满,2025-10-15 22:17:00,来自广西
1,16,"你全家都是笑话
",,2025-10-15 22:41:00,来自广东
1,17,"萧野19900
",我们自己没能打的媒体[二哈],2025-10-15 22:24:00,来自贵州
1,18,酒红色正直爱洁蟹,什么叫潜移默化啊，什么叫冰冻三尺啊,2025-10-15 23:06:00,来自北京
1,19,"那你说我能用啥_名
",稀土在中国人是基因里带的技能，我小时候天天合成稀土，如果没有管制我可以教他,2025-10-15 22:19:00,来自广东
5,1,"MAGI54979
",aim260对标的应该不止pl15了吧，至少是个pl16？[开学季],2025-10-15 20:49:00,来自上海
3,1,"汴人郭威
",小巴：胸怀利器，杀心自起。[流鼻血],2025-10-15 21:29:00,来自天津
1,0,价格的艺术 ,忙于编织，旧记忆絮；编织，使成为故事～,2025-10-15 11:13:37.834367-04:00,无
2,1,"45286357789a453
",土殖的脑回路是幼儿园程度的[便便],2025-10-15 01:18:00,来自广东
2,2,"linco零
",号直接没了，这可太自由了！在外网你骂美国总统都没问题，但是你骂犹太人分分钟钟让你消失无影踪，它还不知道它发的那个网络平台就是犹太财阀家的吗[泪奔],2025-10-15 05:14:00,来自广东
2,3,乾州_宋氏,这群智能障碍真踏马是蠢到家了。[挖鼻],2025-10-15 05:26:00,来自湖北
2,4,"特珑Tromm
",用自己的数字生命，去戳破自己播撒的谎言[good],2025-10-15 07:53:00,来自江苏
2,5,"公知懂個球
",好想看这傻批脸上的表情,2025-10-15 08:16:00,来自广东
2,6,"上海亨公电线电缆有限公司
",从来不关心这些,2025-10-15 10:37:00,来自上海
2,7,"夕阳西下那是
",[思考],2025-10-15 10:49:00,来自江苏
2,8,"四度痴岁-大同何
",#奥运岂容美国操弄药检双标#,2025-10-15 12:33:00,来自上海
2,9,"如是我嗔
",发个反犹言论我就相信了,2025-10-15 14:22:00,来自广东
2,10,"Lienboo
",看得出来，他们是真信。随便问个外国人，他都不至于这么愚昧？,2025-10-14 16:15:00,来自辽宁
2,11,"横街梦想店
",我感觉是友军串子，土殖没这种觉悟。,2025-10-14 14:16:00,来自浙江
2,12,"黑黑小雪人
",哈哈哈哈哈哈哈哈,2025-10-15 14:54:00,来自广东
2,13,一点逗比,哈哈哈哈哈,2025-10-15 15:47:00,来自四川
2,14,星光闪亮222,哈哈哈哈[允悲],2025-10-15 16:53:00,来自吉林
2,15,纳木措了_小y,尾图直喷了,2025-10-15 18:58:00,来自北京
2,16,"梦里幽州
",[哈哈],2025-10-15 19:11:00,来自北京
2,17,"用户6778517458
",这货病的不轻[哈哈],2025-10-15 21:28:00,来自江苏
2,18,"乐嫣畅享
",求仁得仁了！,2025-10-15 22:23:00,来自安徽
2,19,"京口瓜洲一水间1978
",哈哈,2025-10-15 01:01:00,来自江苏
2,20,力溢力溢力,想法幼稚 行为幼稚,2025-10-15 00:01:00,来自贵州
2,21,言归正传__,[允悲],2025-10-15 00:01:00,来自湖北
2,22,"胡言乱语60203
",敢骂特朗普吗？骂了后果更严重，取消绿卡，驱逐出境,2025-10-14 23:44:00,来自江苏
1,1,"tan90的砂之守鶴
",促进美国自立自强，挺好的，川子加油会收到美国强大的祭文的[doge],2025-10-15 15:45:00,来自北京
1,2,"我喜欢一抹红黑色
",黔驴技穷[doge],2025-10-15 12:34:00,来自福建
1,3,"用户7814691297
",北美青皮[嘻嘻],2025-10-15 12:42:00,来自上海
1,4,"我手小但是有福
",川普这一出出的看多了，现在反倒是开始担心我们的阁老们会不会打这么富裕的仗啊可千万别自己犯糊涂[费解],2025-10-15 13:00:00,来自内蒙古
1,5,"来来回回滚滚
",大哥别搞事情了，真的是头大，有个快递从美国寄来，因为写了样品，被国家征了600多的税。,2025-10-15 13:04:00,来自浙江
1,6,"月影幽竹007
",要不，嘉吉退出中国市场？[doge],2025-10-15 13:22:00,来自辽宁
1,7,"执着的依米
",从哪里还能搞这么好的地沟油,2025-10-15 13:28:00,来自天津
1,8,"小兵19491001时代
",潲水油！[允悲],2025-10-15 13:36:00,来自云南
1,9,"RN_CQ
",有没有一种可能，他们进口地沟用就是用来食用的？,2025-10-15 13:38:00,来自安徽
1,10,"王大珂大王
",真没招儿了。,2025-10-15 13:52:00,来自江苏
1,11,"心向往之1
",他确实没牌了,2025-10-15 16:06:00,来自北京
1,12,"里海海步一般兵
",美国不是有生物乙醇吗？把大豆制成生物柴油不就得了[嘻嘻],2025-10-15 14:21:00,来自广东
1,13,"充能狗Aiyama-n_n
",就是经常被人拍到深夜工人用管子从下水道回收还要被人骂被人用来抹黑的地沟油,2025-10-15 14:49:00,来自上海
1,14,"谷雨之人
",在美国的稀土矿上种大豆，然后从大豆里提炼稀土元素，方便又环保。,2025-10-15 14:55:00,来自上海
1,15,"yuqianxin
",我倒是想继续看他的“降龙十八招”[允悲],2025-10-15 14:57:00,来自浙江
1,16,"饭后拿弯儿
",好像有不少也是厨余垃圾加工出来的,2025-10-15 15:13:00,来自北京
1,17,"欧阳佳伟_
",剩下个大招就是禁用SWIFT了，一旦用出来那真是没其他招了。,2025-10-15 15:24:00,来自广东
1,18,亲你下,华山之巅：东邪一招飞沙走石，杀气骤然而起。西毒见势不妙，祭出撒豆成兵……,2025-10-15 15:43:00,来自山东
1,19,leo-fenglx,老特经常是张口就来，功课都懒得做,2025-10-15 12:33:00,来自上海
1,20,"和于术数
",地沟油[doge],2025-10-15 12:32:00,来自河南
1,21,"沉默螺旋转圈圈
",可以用SWIFT，赶紧用吧。,2025-10-15 12:30:00,来自河北
3,1,"海边的Rudy
",国内萨莉亚有青口吗？没吃过,2025-10-15 23:13:00,来自北京
2,1,重出·江湖,美国不会停战，以色列只是打手。美以演双簧，骗中东。犹太人和盎撒人，一个有钱一个有枪，互相依赖，狼狈为奸，祸害全球。[话筒],2025-10-15 15:33:00,来自广东
1,0,6878521900ksny ,以畜丧尽天良，罪恶滔天 死有余辜！,2025-10-15 15:56:00,无
1,0,玫瑰刺Rosethorn ,苦难的加沙😖,2025-10-15 16:00:00,无
1,0,枣庄笑笑笙 ,转发微博,2025-10-15 16:03:00,无
1,0,小领导和老员工 ,阿克萨洪水的威力,2025-10-15 19:15:00,无
2,0,八月荷花2016 ,所以和他们讲什么道理，连起码的常识都没有,2025-10-15 18:43:00,无
2,0,YAELN ,所以他们整天都学些什么？,2025-10-15 21:11:00,无
2,0,G_T_O__ ,没毛病 炸弹炸的,2025-10-15 22:01:00,无
2,0,托福苏巍老师 ,估计问美国人谁炸的珍珠港，会有不少人说Russia，可怜当年小罗斯福还搁那儿 remember the pearl harbor了,2025-10-15 20:32:00,无
2,0,王有邪xx ,第一个问首都的，我就知道他要说纽约,2025-10-15 18:53:00,无
2,0,北京旅游指南针 ,这玩意儿一上小红书大把女孩往上贴,2025-10-15 20:33:00,无
1,1,"chenxing0405
",黑衣人https://wx4.sinaimg.cn/orj360/007ll96aly1i6csyvfgobj30hp0hsdhc.jpg,2025-10-15 09:27:00,来自安徽
1,2,"Kason冷言
",这下巴像个蛋[doge],2025-10-15 09:34:00,来自广东
3,0,guangyao2023 ,博弈,2025-10-15 19:40:00,无
4,1,"天灭美利坚-退籍保平安
",真寒碜,2025-10-15 15:19:00,来自四川
4,2,"可用的昵称但是却不可用
",喜事丧办[允悲],2025-10-15 13:49:00,来自广东
4,3,一言四韵,我操,2025-10-15 16:31:00,来自辽宁
4,4,"blackwish2
",没展示下送的白包？当年跟中国学没学对把红白事搞反了的棒子,2025-10-15 15:26:00,来自北京
4,5,"红莲一朵到普陀_
",孝子谢客,2025-10-15 15:29:00,来自陕西
4,6,wocgu,主菜泡菜 前菜泡菜 甜品泡菜,2025-10-15 16:28:00,来自广东
4,7,"冷酷的山羊
",啥脑子才会嫁给南朝鲜人。,2025-10-15 14:37:00,来自陕西
4,8,"港城亮亮哥
",本来是计划来中国抄婚礼的，没想到把葬抄去了！！属于抄作业抄串行了[允悲],2025-10-15 15:58:00,来自河北
4,9,"柚橙则灵
",高低得上三炷香,2025-10-15 16:39:00,来自河南
4,10,"太原月老一线牵
",丧婚[允悲],2025-10-15 16:54:00,来自山西
4,11,"时间不在雨中
",节哀顺变,2025-10-15 14:16:00,来自河南
4,12,"Barabas-Dantioch
",没几把偷明白[偷笑],2025-10-15 15:31:00,来自北京
1,1,"甜虾不蘸醋
",可以采购三哥产品[嘘],2025-10-15 19:17:00,来自四川
1,2,"漂泊的白桦1
",两个马屁精一起吹牛B,2025-10-15 19:59:00,来自福建
1,3,"肠粉加点辣
",看两兄弟立这，第一眼又看见字幕是乌克兰，真还以为讲相声的[允悲],2025-10-15 20:56:00,来自广东
1,4,凯帕莱特,老欧洲：凭啥啊[疑问],2025-10-15 19:09:00,来自广东
1,5,"李乾坤的微博
",总是感觉他叫 塞思黑,2025-10-15 21:36:00,来自黑龙江
1,6,"伦敦路的虎先锋
",这些人鬼话说多了也就不像人了[喵喵],2025-10-15 20:09:00,来自江苏
1,7,"客刺小间时
",杀人放火金腰带，修桥补路无尸骸……这是昂撒团伙的座右铭,2025-10-15 19:17:00,来自河北
1,8,"重力图腾
",床破：不买就加关税。[二哈],2025-10-15 19:03:00,来自上海
1,9,"莎莎熊2025
",欧洲卖儿卖女支持乌克兰吧,2025-10-15 19:20:00,来自广东
1,10,"果实君听后摇了摇头
",“当你拥有强大实力时，才能赢得和平”这句倒是没说错[春游家族],2025-10-15 19:24:00,来自广西
1,1,"建阳十九与真廿三才子
",为了比比不出庭，只好冒天下之不韪了[怒],2025-10-15 08:36:00,来自中国澳门
1,2,清风明月照我心I花开花落天已明,流浪千年的败类,2025-10-15 20:27:00,来自广东
1,3,基本没啥好奇心,川普在前面吸引媒体注意，内塔尼亚胡在后方嘎嘎乱杀？？,2025-10-15 20:36:00,来自山西
1,4,皇家贡品TT,特朗普收了一只金鸽子不好说啥啊。,2025-10-15 21:57:00,来自河北
1,5,小kk伢_,这就是所谓以色列口中的和平吗,2025-10-15 22:12:00,来自上海
1,6,"奇奥2025顺顺利利
",美国和以色列不断的对全世界进行服从性测试[吐],2025-10-15 09:16:00,来自广东
1,7,"季伯疯
",,2025-10-15 16:54:00,来自四川
1,8,"KangDe_studio
",谁还信纳粹鱿鱼，谁就死了也活该。,2025-10-15 01:15:00,来自山西
1,9,"非牛顿固体_
",居然生效了几小时,2025-10-15 05:46:00,来自黑龙江
1,10,"曦曦暖意
",以斗争求和平则和平存！永不过时！,2025-10-15 06:32:00,来自广东
1,11,"乖哈词
",意料之内了,2025-10-15 01:20:00,来自安徽
1,12,"转角遇甜瓜
",所以川普的面子就这？反正配合拿炸药奖，最后也没拿到。现在直接掀台子了。还是看川普注意力放到我们这了。,2025-10-15 01:33:00,来自上海
1,13,"无敌武装直升机
",活人都还给它了，死人还会赖它的么，炸成那个样子谁知道埋哪了，怎么可能几天就找到，甚至可能永远找不到,2025-10-15 01:35:00,来自上海
1,14,"夏树雷大湿
",不出所料,2025-10-15 01:37:00,来自广东
1,15,"娟娟酱左阿喵右阿汪心里皮卡丘
",契合小群里关于这波停战可能走向的推演[可爱],2025-10-15 01:44:00,来自广东
1,16,"qinxin_7
",不出所料！可悲的是我们大家对鱿鱼无可奈可！,2025-10-15 02:42:00,来自广东
1,17,"伊饿叁寺午遛柒疤酒石
",[摊手],2025-10-15 02:57:00,来自广东
3,0,"难得糊涂_nan
",转发微博,2025-10-15 18:59:00,无
3,0,枣庄笑笑笙 ,转发微博,2025-10-15 20:34:00,无
3,0,玫瑰刺Rosethorn ,转发微博,2025-10-15 20:31:00,无
3,0,用户7495112706 ,哦,2025-10-15 19:34:00,无
4,0,长安如斯 ,川宝是不是也有点阿尔茨海默了,2025-10-15 17:53:00,无
5,1,"复活的红五星
",这种认知的真应该鼓励多润[doge],2025-10-14 18:25:00,来自广东
1,1,不偷不是法兰西,涉水多深,2025-10-15 17:58:00,来自湖北
1,2,edward_820,太猛了，他们居然不用仰望就滑过去了。,2025-10-15 17:48:00,来自上海
1,3,"要养耐旱植物
",这么大的浪愣往里冲还冲出来了 刻板印象加深了[流汗],2025-10-15 18:48:00,来自北京
1,4,"莎莎熊2025
",好惊险,2025-10-15 19:21:00,来自广东
1,5,"lonely冰美式
",居然还能开上去,2025-10-15 17:47:00,来自广东
1,6,"ChrisRedfield1973
",大毛的虎真的刻板印象[允悲],2025-10-15 17:37:00,来自上海
1,7,变形拆家,这才是应有的遥遥领先嘛[doge],2025-10-15 17:46:00,来自广东
1,8,"能等不拖
",彪悍[哆啦A梦害怕],2025-10-15 18:27:00,来自上海
1,9,P1WS,这车应该是水陆两栖的，要不然就危险了,2025-10-15 18:31:00,来自安徽
1,10,"不骄不躁kk
",这车开得就离谱[允悲],2025-10-15 19:05:00,来自广东
1,11,"燚_Sir
",履带和几个浪起到了关键作用,2025-10-15 19:08:00,来自上海
1,12,"无敌武装直升机
",斯拉夫日常[挖鼻],2025-10-15 19:15:00,来自上海
1,13,"低调的深藏功与名
",狠人,2025-10-15 17:36:00,来自广东
1,14,"天空的绿荫
",车轮像钻头的那款吧，应该是水陆两栖的,2025-10-15 17:42:00,来自福建
post_id,one_comment_id,author,content,time,ip
1,0,"会上网的家猫一只_shuushinn
",厉害,2025-10-16 07:21:31.544285-04:00,无
1,0,"评论罗伯特
",文能播音安天下，武能空手镇乾坤，这姐姐是真实存在的吗？我读书少你别骗我！,2025-10-16 07:05:31.574565-04:00,无
1,0,还珠哥哥哥哥 ,气功？,2025-10-16 07:49:31.600501-04:00,无
1,0,黑不溜秋的大白云 ,可以单挑沙鲁了,2025-10-16 07:15:31.625274-04:00,无
1,0,寒雨晨风 ,劈瓦,2025-10-16 07:15:31.649000-04:00,无
1,0,羊毛1978 ,牙哒～,2025-10-16 07:42:31.678181-04:00,无
1,0,"公益人黄炳权
",转发微博,2025-10-16 17:29:00,无
2,0,"义乌网事
",#美国识字率79%# 美国文盲率直接翻了一倍,2025-10-16 18:52:00,无
2,0,东北特产正宗 ,中国辐射蔚蓝太阳,2025-10-16 18:53:00,无
2,0,莫其少年 ,文中重点信息是中国识字率97%明显高于美国79%，引发反思,2025-10-16 18:53:00,无
2,0,萝莉牛X王 ,中国98美79的识字率对比，反映了教育水平和文化不同,2025-10-16 18:53:00,无
2,0,章简简 ,中国更厉害，识字率97%,2025-10-16 18:53:00,无
1,1,"奶酪方块eden
",笑4⃣️了，我担过生日的无人机比这还豪华呢[允悲],2025-10-16 19:09:00,来自浙江
1,2,"emo是个狺狺怪
",赤壁翻译成了红岸哈哈哈哈哈哈🤣谁懂我的笑点,2025-10-16 19:13:00,来自上海
1,3,"哼哞罗伯特
",红岸[doge],2025-10-16 12:39:00,来自四川
1,4,ZunYob,呜呜呜,2025-10-16 12:41:00,来自贵州
1,5,"DREAKGUNDAM
",这是诸葛孔明的奸计[二哈],2025-10-16 13:27:00,来自福建
1,6,"Whitesama0520
",公司名可以理解，人名真叫孔明啊？[二哈],2025-10-16 13:34:00,来自江苏
1,7,"Lamy戳你戳戳戳
",认识的日吹：“日本的电脑技术其实还是很强的 他们城市很科幻未来感 那些霓虹灯秀很厉害的”………跟太君这不是对上口供了吗 蠢都蠢的一样,2025-10-16 13:35:00,来自广东
1,8,"恰恰罗特_
",我们也有自己的远程养殖[doge],2025-10-16 13:49:00,来自四川
1,9,薔薇之頰,除中国以外的其它国家，建议吹之前先问问AI再吹呢[二哈],2025-10-16 14:41:00,来自浙江
1,10,茶馆二楼靠窗,残念 出张 把我代入一下子以为走错片场了[允悲],2025-10-16 15:22:00,来自辽宁
1,11,"橘山虎皮猫大人
",酸楚 无力[笑cry],2025-10-16 12:48:00,来自四川
1,12,"adx1729
",[二哈],2025-10-16 12:52:00,来自上海
1,13,"手机用户1288716425
",病毒脑袋真难忍,2025-10-16 16:06:00,来自北京
1,14,"爱酱的新之助
",[笑cry],2025-10-16 16:43:00,来自福建
1,15,"往事就不随风
",你总得承认无人机表演的天空背景是日本的吧？,2025-10-16 12:53:00,来自北京
1,16,"阿苏肯·隱
",呵，诸位村夫！,2025-10-16 13:04:00,来自贵州
1,17,"毛毛雨SAMA
",才发现红岸和赤壁意思差不多[允悲],2025-10-16 13:06:00,来自山东
1,18,"我就一草民
",孔明？诸葛孔明？[哈哈],2025-10-16 13:12:00,来自河北
1,19,"海边一尾小咸鱼
",[坏笑],2025-10-16 17:12:00,来自浙江
1,20,"幕末一条明
",如何翻译 红岸，红岩，赤壁[允悲],2025-10-16 16:35:00,来自广东
1,21,快雪時晴Ay,現在對於棒子和鬼子的國民🍋或酸菜心態已沒有興趣了，不想浪費時間在無知、愚蠢不自知且又無禮的人身上。,2025-10-16 19:53:00,来自广东
2,1,"张光英先生
",装修工头成功成为美国总统，梦想照进现实，多么的励志[互粉][允悲],2025-10-16 12:34:00,来自河北
2,2,"坎离颠
",我现在好像有点理解丁蟹为什么那么惹人讨厌了,2025-10-16 12:42:00,来自辽宁
2,3,"晴天桜花
",再修个圆形斗兽场,2025-10-16 12:10:00,来自广东
2,4,"除了潜水还能干什么的啊
",美国历史上最好的总统，没有之一，难道不能设计出美国历史上最好的总统办公室吗？过去那些见鬼去吧，现在是我的时代！,2025-10-16 12:14:00,来自上海
2,5,"爱锤盾海桃-霆恩启副
",房地产加蹩脚装饰商人[二哈],2025-10-16 12:08:00,来自安徽
2,6,"月影幽竹007
",还是美国好，干装修的都有机会当总统[doge],2025-10-16 12:22:00,来自辽宁
2,7,"罪x9
",。。要说牛逼还得是川子牛逼，根本不怕按户口本被清算[皱眉],2025-10-16 12:22:00,来自北京
2,8,"左右都是嫌
",清末,2025-10-16 12:15:00,来自江苏
2,9,"广州superben
",白宫经过装修正式转营成酒店并对外营业，所得扣除经营成本后纳入国库[思考],2025-10-16 12:10:00,来自广东
4,1,"阿斯和英俊
",这哪还有一点像传统的炮弹,2025-10-16 18:47:00,来自辽宁
4,2,"阿斯和英俊
",这不就是祖父沃尔特嘛,2025-10-16 18:49:00,来自辽宁
4,3,"中立平台啦啊勒
",这玩意怎么塞进155的？不会蛋体直径只有80吧？[无聊],2025-10-16 19:18:00,来自四川
4,4,"原先来自赫尔辛根默斯肯的孔文举
",这装药量堪忧吧,2025-10-16 18:56:00,来自美国
4,5,"梁子逸0919
",这应该比火箭增程制导要便宜点吧,2025-10-16 18:53:00,来自北京
2,1,"核桃渣扎核桃仁
",是真的会笑死,2025-10-16 17:40:00,来自新疆
2,2,"微糖微微甜
",[允悲],2025-10-16 17:44:00,来自泰国
2,3,"灌水的慕士塔格
",结结巴巴的怨妇样子[哈哈],2025-10-16 18:00:00,来自新疆
2,4,"秋风健
",,2025-10-16 18:04:00,来自江苏
2,5,"眉毛笑弯弯
",哈哈哈哈哈哈哈就该这样！,2025-10-16 19:28:00,来自江苏
2,6,"Michel_Min
",太抽象了，这是演的哪一集？[允悲],2025-10-16 17:56:00,来自上海
2,7,"左边那只蘑菇
",这回真是“师夷长技以制夷”,2025-10-16 17:31:00,来自广东
2,8,"大武松
",老美为中国人树立个打美英雄！[good],2025-10-16 17:40:00,来自北京
2,9,-Red-Baron-,应该叫贝嫂,2025-10-16 17:54:00,来自澳大利亚
2,10,"Rudy-CHN1994
",哈哈哈，看样子李部长把老美气的够呛，没什么比傲慢的人更傲慢，来让他们难受的了[哈哈],2025-10-16 18:33:00,来自上海
2,11,"斯蒂庞克吴站长
",李部长看起来一副人畜无害的样子，没想到这么凶[太开心],2025-10-16 18:19:00,来自浙江
2,12,"慢节奏的舒适
",本来就不应该它这个财长出面，是那个贸易代表更加low，川普就指定它为谈判代表,2025-10-16 19:19:00,来自上海
2,13,小小微光与微尘c,从李开记者说明会时说话的那个利索劲就知道他是个厉害角色[鼓掌],2025-10-16 18:53:00,来自上海
2,14,"同壹
",委屈的嫂子。[允悲],2025-10-16 18:09:00,来自中国香港
2,15,"乐不颠的世界
",失道寡助，现在就剩7个小矮人在那叫唤啦，尤其是小日子，是该出手打扫一下卫生啦[允悲],2025-10-16 17:33:00,来自北京
2,16,"蘑菇只是个画画人
",离婚律师那个笑死,2025-10-16 17:37:00,来自安徽
2,17,"八目共赏长安花
",天下苦美久矣，谁能揍老美谁就是国际英雄[哪吒使坏],2025-10-16 19:49:00,来自四川
2,18,"唐缗缗
",笑死,2025-10-16 17:30:00,来自山东
2,19,Gwen_Tala,@向晓春 声音都哽咽了[嘻嘻],2025-10-16 20:01:00,来自北京
2,20,交趾遊蕩者,我只能説，李部長，幹得好！！！必須轉發,2025-10-16 19:59:00,来自越南
2,21,vinceXP,能说出战狼，这就说明了一直用战狼来攻击爱国人士，就是美国政府支助的。,2025-10-16 19:58:00,来自广西
3,1,,,,
3,2,"俏俏妈2010__2号
",真尼玛不要脸啊,2025-10-16 17:18:00,来自山东
3,3,"fyjs地摊上的马甲
",这货为什么不报警？[哈欠],2025-10-16 17:18:00,来自湖北
3,4,"赵陈张李2022
",本意是帮助中国？MAGA们同意么？[允悲],2025-10-16 17:19:00,来自甘肃
3,5,"今饰昨非
",贝公公，你能不能别这么肉麻？,2025-10-16 17:20:00,来自上海
3,6,鹭岛猎人,中国是教美国佬怎样做人,2025-10-16 17:34:00,来自福建
3,7,"一江在线
",啊呸！,2025-10-16 17:22:00,来自陕西
3,8,"帅气砂糖橘在唱歌
",怎么骂？估计用刀子划拉下，他们的厚脸皮也能抵御80%的伤害，然后再把剩余伤转移给周围的人（美国人）。[doge],2025-10-16 17:23:00,来自陕西
3,9,"广思成
",西方白皮的脸不会红的，打也打不红。,2025-10-16 17:26:00,来自广东
3,10,"女王快回来
",这才到哪里,2025-10-16 17:32:00,来自福建
3,11,"青竹尖尖破土
",我想跟贝森特他女儿上床帮助帮助他女儿,2025-10-16 17:33:00,来自河南
3,12,手机用户5117350136,帮华为充两亿部手机。到3000万部手机。,2025-10-16 17:34:00,来自辽宁
3,13,"莫凡only
",无耻到让人都不想跟他们讲道理，真的不能把他们当人看[黑线],2025-10-16 17:50:00,来自江苏
3,14,荆友彪1957,见鬼去吧[允悲],2025-10-16 17:58:00,来自山东
3,15,-Red-Baron-,贝嫂,2025-10-16 18:06:00,来自澳大利亚
3,16,ZG国之乡,天天信口雌黄[允悲],2025-10-16 18:08:00,来自河南
3,17,"曲深词浓
",怎么会有如此厚颜无耻之人[允悲],2025-10-16 18:09:00,来自贵州
3,18,"holpe-阿恒
",请不要伤害中国！,2025-10-16 18:26:00,来自广东
3,19,"非牛顿固体_
",“不要脸”要是分级，这是九段水平了,2025-10-16 18:09:00,来自黑龙江
3,20,看风景与换牌,美国这个样子，，哈哈，，妖魔鬼怪真是多，，，哈哈哈,2025-10-16 18:11:00,来自江苏
3,21,"晓非123
",厚颜无耻怎么能到这种地步,2025-10-16 18:12:00,来自上海
3,22,"小人参_3
",真的是《没出息》啊！你们的祖辈看到你们这么窝囊，棺材板都要震碎，中国人不是现成的案例嘛！自力更生，艰苦创业，丰衣足食！这么能吃嗟来之食[笑cry],2025-10-16 18:19:00,来自贵州
3,23,MS386,換一種理解方式確實是幫助中國，畢竟有了你們的不斷打壓才讓我們不斷有了新的突破。,2025-10-16 18:23:00,来自山西
1,0,"幸运苏黎
",#美财长称要尽快供应链去中国化#美方把中方合法的稀土管制说成“对抗全世界”，却忘了自己才是泛化国家安全、滥用出口管制的始作俑者。美国想拆中国的供应链，却没先治好自己“缺技术、缺产能、缺协同”的软骨病，这种只靠政治口号推动的“去中国化”，最终只会让自己陷入供应链断裂的困境。#微博新知#,2025-10-16 17:21:00,无
1,1,健康快樂大蛋糕,[good],2025-10-16 02:06:00,来自中国香港
1,2,用户7891986837,你和你老父亲可以嫁给他当男老婆，天天给他们洗臭脚被家暴，再化身父子歌姬穿塑料垃圾袋妖艳热舞跳得披头散发翻白眼也不是不可以，是的，你们父子都是俏皮的小妖精[喵喵],2025-10-16 17:39:00,来自重庆
1,3,小河弯弯19,转发微博,2025-10-15 20:32:00,来自浙江
1,4,肥多士,正義[给力],2025-10-16 11:34:00,来自广东
1,5,南阁水哥,趁黄金价格高，赶紧卖,2025-10-15 20:30:00,来自浙江
1,6,"东禾w
",打卡打卡打卡打卡打卡[好爱哦],2025-10-15 19:14:00,来自云南
1,7,玫瑰刺Rosethorn,转发微博,2025-10-15 20:31:00,来自浙江
1,8,"郭松民
",虽然是效果，但是大政治家。,2025-10-16 19:39:00,来自北京
1,9,"汤本
",哥伦比亚总统佩德罗用哥伦比亚政府没收的黑帮毒贩的钱，为加沙难民做好事！给他点赞：👍👍👍！,2025-10-15 21:18:00,来自广东
1,10,气象万千_66879,转发[话筒],2025-10-15 20:08:00,来自河北
2,1,我无畏奔向你,看这个会不会成为现实[柯基]https://wx4.sinaimg.cn/orj360/008GQffily1i6ecj85qcyj30xw23ck3f.jpg,2025-10-16 17:30:00,来自河南
4,1,晴空布鲁布鲁,川普被一群马屁精围的团团转，其实他在马屁精营造的信息茧房里,2025-10-16 16:01:00,来自上海
4,2,"凡视无常
",所以要用的稀土是准备把F22融了吗[可爱],2025-10-16 16:23:00,来自福建
4,3,"无用哲人
",以后是不是美国总统都会登化？,2025-10-16 16:05:00,来自广东
4,4,"兽医专治爱丁堡慕洋狗
",订购20架全新B2？懂王整大活了[费解],2025-10-16 16:05:00,来自江苏
4,5,"手中有个太阳888
",应该是B21，搞混了吧,2025-10-16 16:07:00,来自辽宁
1,0,"环球旅游攻略咖
",乌克兰战场的“珍珠计划”，北约火力支援上线，和平之光照耀前线！,2025-10-16 01:21:00,无
1,0,"兰州新城事
",战场风云变幻，愿和平曙光早日穿透阴霾～🎉✨,2025-10-16 01:20:00,无
1,0,"二愣子说穿搭
",解决问题,2025-10-16 09:46:00,无
1,1,冬天别来2948012301,美国还有正常人吗,2025-10-16 15:47:00,来自山东
1,2,"老子2525
",倒反天罡,2025-10-16 16:05:00,来自云南
1,3,"鄙人有个坏毛病
",想制造焦虑、转移矛盾、倒打一耙，但是这文案也太弱智了，毫无逻辑，还有个上蹿下跳到处胡言乱语的总统，你这谁信,2025-10-16 14:22:00,来自天津
1,4,"闪烁uj
",美国对中国加征100%关税是帮助中国，那中国对美国稀土管控也是帮助美国[笑cry],2025-10-16 14:15:00,来自辽宁
1,5,用户7270302070,老美自己人都不信,2025-10-16 13:40:00,来自河南
1,6,东东三十了,白皮猪还在那儿趾高气扬呢,2025-10-16 13:59:00,来自黑龙江
1,7,超疯猪00,有没有觉得，这个人说话，不看讲稿的话语无伦次，说不到终点，但是有稿就懂他说什么,2025-10-16 15:11:00,来自广东
1,8,平平淡淡才是真3030,真不要脸！！！！！！,2025-10-16 15:13:00,来自河南
1,9,"哆啦有点胖
",白皮这个人种真就是不要脸的具象化[挖鼻],2025-10-16 15:33:00,来自湖北
1,10,"阿海68XC
",are you kidding me,2025-10-16 13:46:00,来自北京
1,11,爱港青年,服了，真是一派胡言！,2025-10-16 18:22:00,来自上海
1,12,爱玩吉他的老徐,一本正经的胡说八道,2025-10-16 18:05:00,来自江苏
1,13,"对对对o你说的都对
",“中国人太坏，但是我们需要他，现在他掐住我的脖子了，我喘不过气了，情况非常糟糕，但是我又没办法，我将要想尽一切办法让他跪下来求掐我”,2025-10-16 14:30:00,来自四川
1,14,"有阳光就骑行
",呵呵，这一切好像是你们挑起来的吧,2025-10-16 14:22:00,来自广东
1,15,"一碗钱吃两碗粉
",：汪汪汪[doge]https://wx1.sinaimg.cn/orj360/a8df49c8gy1i6e6dlnpfsj20e20dswk0.jpg,2025-10-16 13:57:00,来自广东
1,1,用户7891986837,你和你老父亲可以嫁给Hamas当男老婆，天天给他们洗臭脚被家暴，再化身父子歌姬穿塑料垃圾袋妖艳热舞跳得披头散发翻白眼也不是不可以，是的，你们父子都是俏皮的小妖精[喵喵],2025-10-16 13:42:00,来自重庆
1,2,小河弯弯19,转发微博,2025-10-16 14:14:00,来自浙江
1,3,Scabatcho,"Yes those bastard are financing the genocide in PALESTINE. People who are fighting for PALESTINIAN cause should stop eating MacDonalds,or drinking COCA-Cola,Starbucks.",2025-10-16 17:39:00,来自辽宁
1,4,玫瑰刺Rosethorn,这个没毛病,2025-10-16 14:13:00,来自浙江
1,5,茶的海,[拳头],2025-10-16 14:28:00,来自北京
1,6,"江夏云飞
",巴勒斯坦超话,2025-10-16 14:59:00,来自广西
1,7,"东禾w
",加油加油加油加油加油加油加油[赞啊],2025-10-16 13:24:00,来自云南
2,1,义忠梁山伯,,2025-10-16 15:58:00,来自北京
2,2,CS-3,白色恐怖[doge],2025-10-15 20:29:00,来自广东
2,3,白胡须,还TM独照……[挖鼻],2025-10-16 04:54:00,来自北京
2,4,天下得统总,转发微博,2025-10-16 08:07:00,来自重庆
2,5,五行山下的泼猴很幸福,峨眉峰……还TMD独照,2025-10-16 08:58:00,来自天津
2,6,火田力人,现在不还打压阿三，过几年老美第一位置保不住不说，老三位置都不一定保得住，早点认命当老二还有机会[doge],2025-10-16 09:15:00,来自四川
2,7,秦昇月,相当于把“基辛格”给抓了[疑问],2025-10-16 18:42:00,来自新疆
2,8,"全世界漂
",这不是活该吗？掀起反华浪潮，最后自己成了中国间谍。苏联笑话完美地在美国上演了。,2025-10-15 23:38:00,来自广东
2,9,Biboyoung,@我的印象笔记,2025-10-15 23:35:00,来自湖北
2,10,不会玩jest豆瓣,印度人没有说谢谢,2025-10-15 23:39:00,来自江西
2,11,海上李德胜,[围观],2025-10-15 23:52:00,来自贵州
2,12,GSuryani,图里这位看着像是谢刚？,2025-10-16 00:31:00,来自云南
2,13,飞翔的孤独人,这么快就暴露了啊[允悲],2025-10-16 12:17:00,来自广东
2,14,"苏三花泡花
",,2025-10-16 06:50:00,来自江苏
2,15,一个茶壶四个碗,吹牛吹到5.7，剧终。,2025-10-16 03:04:00,来自加拿大
2,1,深秋飞雨,有点不轮不类的感觉，要穿就好好穿，,2025-10-16 01:24:00,来自广东
2,2,"非太阳小黑
",这时候又要先反思了[拜拜]https://wx4.sinaimg.cn/orj360/66221f20ly1i6e3vyc6r6j20vg0igwg3.jpg,2025-10-16 12:31:00,来自辽宁
2,3,"CD雪貂
",日本人自己在漫展上COS解放军，臂章上写着解放军驻人部队，都没谁破防 这刘战神也就是骗骗眼球而已，加了破防俩字,2025-10-15 22:28:00,来自云南
2,4,"老新大叔
",[允悲],2025-10-16 01:03:00,来自天津
2,5,"旧美术
",转发微博,2025-10-16 09:05:00,来自湖北
2,6,"汉-并-天-下
",日本当年的赤军不也挺狠的[并不简单],2025-10-16 12:06:00,来自北京
2,7,"国安怕过谁
",行为如果合法也没什么可指摘的 不过我觉得有很多有实际意义的事情可以做,2025-10-16 15:00:00,来自北京
2,8,"别跟我抢荔枝这个昵称
",,2025-10-16 19:26:00,来自广东
2,9,"兰亭流水_
",以其人之道，还治其人之身。！[good],2025-10-15 12:53:00,来自湖北
2,10,不让说话怕什么,挺感人的！,2025-10-15 12:54:00,来自贵州
2,11,董炯微博,把五星红旗插上富士山顶[酷],2025-10-15 13:47:00,来自北京
2,12,"阿鲁斯11
",牛逼，佩服，即使是炒作我也赞同！,2025-10-15 20:36:00,来自内蒙古
2,13,用户6180057970,好！,2025-10-15 15:03:00,来自湖南
2,14,"_列车搭上悲欢去辗转
",牛逼！,2025-10-15 15:24:00,来自广东
2,15,"蓝星的未来
",转发微博,2025-10-15 15:50:00,来自江苏
2,16,"飞天神经猫2011
",牛逼啊,2025-10-15 16:20:00,来自福建
2,17,MaxEagl,不是真的血吧,2025-10-15 19:00:00,来自四川
2,18,"我要正負033
",[爱你],2025-10-15 20:11:00,来自广东
2,19,托尼吴,还真有这样的sx,2025-10-15 20:46:00,来自北京
2,20,煌_大和,[yeah],2025-10-16 17:58:00,来自河北
3,0,投料泰当 ,虽然不举，但尺寸还可以,2025-10-16 16:26:00,无
3,0,"Oxygen_Carbondioxide
",笑死,2025-10-16 02:52:00,无
3,0,風崋圓舞陣 ,哈哈哈哈哈,2025-10-16 12:01:00,无
3,0,可见的暗物质旅行者1号 ,我觉得它长成了一个提手,2025-10-16 08:13:00,无
3,0,天竺鼠车车启动 ,絶望チンコ,2025-10-16 12:04:00,无
3,1,小猪白宝宝,好像也没有承认吧？就看三哥是选择得罪毛子还是大漂亮了？,2025-10-16 18:12:00,来自山东
3,2,木生火燊燊,高志凯白鼓励印度人了[doge],2025-10-16 16:49:00,来自北京
3,3,水晶妞儿900,也没承认！优先考虑消费者利益，意思不就是谁的便宜就买谁的呗[笑cry],2025-10-16 18:08:00,来自中国香港
3,4,迷雾不透,我一直搞不明白，所以你们这样造就的信息污染最后是骗了谁？还是为了自骗？不怕反噬的吗？,2025-10-16 18:14:00,来自贵州
3,5,事实事实是好事,所以这话到底如何理解？[嘻嘻],2025-10-16 16:14:00,来自上海
4,1,"淘优惠6
",。。。。。。。。。。,2025-10-16 13:01:00,来自河南
4,2,"奇荒
",转发微博,2025-10-16 14:15:00,来自河南
4,3,微风细雨e,一个脑子有毛病的可怜人,2025-10-16 18:47:00,来自甘肃
4,4,"有意思没意思有意思有没有意思
",格蕾塔少女承认遭虐待迫害，勇敢面对特朗普和反对派挑战,2025-10-16 12:20:00,来自湖北
4,5,"骆驼祥子海底世界
",格蕾塔承认受虐 很勇敢建报告环保有难度,2025-10-16 12:20:00,来自福建
4,6,"man6068_739
",这个话题太过沉重复杂，支持任何受害者发声。,2025-10-16 12:19:00,来自河北
4,7,"江夏云飞
",,2025-10-16 12:58:00,来自广西
4,8,"点兵十五
",勇敢的人。,2025-10-16 17:14:00,来自河南
4,9,"yuyue993
",真心祝福她，期待她能早日获得公平对待。 #勇敢发声者#,2025-10-16 12:20:00,来自陕西
4,10,"温暖阳光嘟嘟鱼
",格蕾塔是勇敢的，对待环保问题毫不畏惧#支持环保#,2025-10-16 12:20:00,来自广西
4,11,"龙城飞将后
",格蕾塔受虐遭迫害只因环保信念，勇敢且坚定不同抗争势力,2025-10-16 12:20:00,来自福建
4,12,凛冬将至ime,她长大了，成熟了,2025-10-16 15:48:00,来自湖北
4,13,"斜杠青年往前冲
",好孩子，长大了[笑cry],2025-10-16 16:12:00,来自贵州
4,14,翻蚝君,因为可能抢走特朗普的和平奖,2025-10-16 14:07:00,来自四川
4,15,king-lft,承认遭虐待的情况引起广泛关注,2025-10-16 12:20:00,来自福建
4,16,章简简,对于环保少女格蕾塔遭受虐待，让人心痛，她的勇敢和坚持不容忽视,2025-10-16 12:20:00,来自福建
5,0,用户6401520050 ,除恶务尽,2025-10-16 17:46:00,无
1,1,嗯嗯_我就是个老粉红,诺贝尔和评奖不如改成“反贼奖”或“美狗奖”更合适[doge],2025-10-15 23:52:00,来自辽宁
1,2,糖糖的洋妞,这个奖成了照妖镜,2025-10-15 17:37:00,来自湖北
1,3,裂谷风pzhqm,整个诺贝尔奖都是狗屎,2025-10-16 08:48:00,来自四川
1,4,MooreShen猫圣,最近看到几个西方游客反映说在中国旅游外语服务太少的问题，请你传达一个信息给西方朋友，在中国旅游只有在高级场所才能享受外语服务，只要你口袋里有钱你可以享受任何一个语种的服务，所以请告诉那些无知的旅行者，汉语是中国通用语言，想要其他语言服务可以请伴游翻译。,2025-10-15 18:53:00,来自上海
1,5,摆烂仙人渡劫,背叛自己祖国的人。终将被祖国抛弃！中国有句古话，非我族类，其心必异！,2025-10-15 23:27:00,来自湖南
1,6,产品体验师,沦为资本的工具，不知诺贝尔地下有知会作如何想。,2025-10-15 20:18:00,来自河南
1,7,"我不要出院
",西方民众就没觉得这里面有什么问题吗,2025-10-15 18:16:00,来自广东
1,8,自由的码农,难怪川普能输给她[微笑],2025-10-15 18:12:00,来自山东
1,9,W-ZzYy7_,转发微博,2025-10-16 11:56:00,来自北京
1,10,自由的码农,这个奖直接给川普，好多人不满意，不给，怕是要得罪川普了，索性给他的粉丝吧[嘻嘻],2025-10-16 07:44:00,来自山东
6,1,"沉默真的是金金金金
",10又要立战功了[哈哈],2025-10-16 16:46:00,来自北京
6,2,2五仔猛男,飞机有很正常，惊讶的是他们居然还有飞行员[doge],2025-10-16 16:21:00,来自江苏
6,3,卡卡-兔斯基,感谢阿富汗兄弟刷的飞机！！~,2025-10-16 16:17:00,来自广东
6,4,"汴人郭威
",塔塔，你听我句劝，算了，算了，我不会坑你的。,2025-10-16 16:16:00,来自天津
6,5,宅心仁厚黎元洪,这些飞机只配pl11打吧,2025-10-16 16:44:00,来自北京
6,6,风潇檐下细雨涟,不是，怎么有米格17,2025-10-16 11:22:00,来自山东
6,7,用户8000878878,不是刚停战了吗？,2025-10-16 13:42:00,来自湖北
6,8,黑鲔鱼下巴,ber，导弹比飞机贵吧[二哈],2025-10-16 15:23:00,来自云南
6,9,"五桶工坊
",赶快去买成飞的股票[二哈],2025-10-16 13:53:00,来自广东
6,10,"南北西东哥
",他不怕兔子家扫地的……,2025-10-16 14:52:00,来自重庆
6,11,"开窗手爱德华
",米格-17？打烂了挺可惜的…[捂嘴哭],2025-10-16 09:34:00,来自河南
6,12,"Yuri大黄
",枭龙就可以搞定他们,2025-10-16 09:40:00,来自上海
6,13,,[二哈],,
6,14,kjdysl,制造王牌![思考],2025-10-16 15:34:00,来自北京
2,1,vensli,美国的基本常用招数，当国内问题摆不平的时候就会在国外发动一场战争转移注意力，见怪不怪了。,2025-10-16 16:05:00,来自吉林
2,2,"用户7283423283
",[doge],2025-10-16 15:30:00,来自四川
2,3,"華观天下520
",好家伙，公开明杀,2025-10-16 18:55:00,来自广东
2,4,"刀锋上的文明-鬼首
",这种强盗行为没人管的结果，美国早晚被瓜分,2025-10-16 15:31:00,来自天津
2,5,"太吾呆物
",图片评论https://wx2.sinaimg.cn/large/0076lLg5gy1i6e9sb0ylkg307s05ub0u.gif,2025-10-16 15:55:00,来自浙江
2,6,"卖牛肉干的掌柜
",彻底丛林化，一点都不装了是吧？,2025-10-16 15:40:00,来自四川
2,7,"伦敦路的虎先锋
",这笃定的语气 不用怀疑叙利亚也是美国搞的鬼[喵喵],2025-10-16 16:05:00,来自江苏
2,8,"我就是尾戒大叔
",咋了？美国法西斯化了？[doge],2025-10-16 15:33:00,来自湖南
2,9,"一园子白菜成了精
",核平奖[二哈],2025-10-16 18:20:00,来自浙江
2,10,"时间与爱为敌
",委瑞内拉里面究竟是什么情况？不会是像萨达姆政权那样子，美军一上岸就全反了吧？,2025-10-16 16:43:00,来自广东
2,11,"无糖步人生
",被咱家卡了脖子就开始蠢蠢欲动转移矛盾了,2025-10-16 16:58:00,来自新疆
3,0,水果大浣熊 ,有明白人 可也无能为力,2025-10-16 12:03:00,无
3,0,徐李2025 ,桑德斯生活在梦里，美国已经典型的寡头垄断了，他居然还担心社会变成寡头垄断，与庄生梦蝶有异曲同工之妙。,2025-10-16 11:59:00,无
1,0,星空下的阿狄丽娜 ,帮忙减轻库存负担,2025-10-16 14:44:00,无
1,0,雪山向东 ,乱世重典,2025-10-16 14:14:00,无
1,0,卜颀來 ,垃圾黑人,2025-10-16 14:13:00,无
4,1,"较瘦叫兽回忆录
",靠！原来这四个字能发出来啊。[作揖],2025-10-14 20:34:00,来自福建
4,2,"很想一路向前
",亲验属实,2025-10-14 22:06:00,来自重庆
4,3,"晨明暮晚
",[允悲],2025-10-15 19:36:00,来自湖南
4,4,"-琴心剑胆
",,2025-10-15 08:56:00,来自河南
4,5,"常用男子名
",说斯丢皮德应该会没事,2025-10-14 17:14:00,来自重庆
4,6,"A-GEE光仔
",哈哈哈,2025-10-14 17:20:00,来自广东
4,7,"清风四两六分
",哈哈哈,2025-10-14 19:23:00,来自四川
4,8,"Taco哥_52479
",[允悲],2025-10-16 09:28:00,来自重庆
4,9,"回轉思想
",怎么可能[嘻嘻],2025-10-15 16:03:00,来自上海
2,1,Little-Hachi,美利坚唯一的太阳🤚😭✋,2025-10-16 15:31:00,来自广东
2,2,"ARs-Forever
",这干嘛呢这是，公众场合直接开舔是吧[疑问],2025-10-16 15:05:00,来自河北
2,3,"膝盖磨完就算你赢了
",大统领的恩情还不完啊啊啊啊,2025-10-16 15:07:00,来自湖南
2,4,"kekeshu20863
",忠!诚!,2025-10-16 15:36:00,来自浙江
2,5,"扫月眠苍
",当所有人都在鼓掌的时候，鼓掌声音不够大也是一种罪[doge],2025-10-16 15:01:00,来自北京
5,0,"婺星视频
",#石破茂接见少女偶像# 老了“还有一颗追星的心”,2025-10-16 15:26:00,无
5,0,"鲜蘑咖啡
",石破茂接见少女偶像展现公民平等精神，但在追星事件中是否成功是个争议点,2025-10-16 15:23:00,无
5,0,观沧海_德尔惠广州 ,,2025-10-16 15:23:00,无
5,0,sun青8 ,石破茂接见偶像组合合影引人热议，小女孩高兴流露在脸上,2025-10-16 15:23:00,无
5,0,hongfengye508 ,石破茂接见偶像展现包容性，正晴朗未来共生,2025-10-16 15:23:00,无
2,1,黑瓶子装酱油出世,结果乌克兰和欧洲在付出代价,2025-10-16 19:28:00,来自重庆
2,2,"最后的猫熊
",打又不敢打 回去和委类瑞拉玩吧,2025-10-16 14:45:00,来自福建
2,3,"向往喀什古城
",以不下场为前提，各种嘴炮,2025-10-16 14:46:00,来自河南
2,4,"山古老鹰
",那就请战争部长发起第一场战争吧！[老师好],2025-10-16 14:56:00,来自广东
2,5,"昊林K
",就在他说这些之后，今天大鹅猛烈轰炸乌克兰全境,2025-10-16 15:25:00,来自湖北
2,6,"穿越时空的发条橙子
",“诸君日哭夜哭，安能哭死董卓乎”,2025-10-16 15:29:00,来自广西
2,7,"青江徐行
",嘴硬也是硬,2025-10-16 15:35:00,来自四川
2,8,"soless
",那么代价是什么？[doge],2025-10-16 15:49:00,来自日本
2,9,"白鹿3378
",第一题无解，6000枚核弹对5500枚核弹,2025-10-16 16:15:00,来自浙江
2,10,"阳羡清溪
",一天停战到要亲自参战了,2025-10-16 16:23:00,来自北京
2,11,"_曜坤_
",亲自下场吗？,2025-10-16 14:49:00,来自广东
2,12,"用户7870774696
",动手吧，阁下，您的嘴已经动的够多了,2025-10-16 14:50:00,来自上海
2,13,"牛牛笑傻傻
",除非提供核武器要不看不出有啥能算是强有力的[doge],2025-10-16 14:51:00,来自广西
2,14,"力宗掌门人
",好家伙，昭和参谋好歹是佐官以上，你个尉官也配指挥军部暴走？[怒],2025-10-16 14:54:00,来自广东
2,15,"月影幽竹007
",美国靠嘴炮，欧洲靠开会，就用这个打败俄国人？[doge],2025-10-16 16:13:00,来自辽宁
2,16,"王佳楠_90
",打起来！,2025-10-16 14:58:00,来自河北
2,17,"朔望白夜
",川普把难题围成一个圈搁这玩丢手绢呢[无聊],2025-10-16 14:58:00,来自湖南
3,0,KazamiYuuka旋律 ,破落户了 有啥算啥吧,2025-10-16 08:14:00,无
6,1,,[doge],,
6,2,,,,
6,3,,,,
6,4,,[允悲],,
6,5,"鎏云炁
",吃豆制品，没人18公斤很难吗？（数是瞎编的）[doge],2025-10-16 11:48:00,来自广东
6,6,"榜一大姐马不韦
",🍔加个蛋,2025-10-16 11:51:00,来自重庆
6,7,"热情似米花
",可以收百万门票,2025-10-16 12:06:00,来自山东
6,8,"同学妳砖头掉了
",川普喜欢汉堡王,2025-10-16 12:07:00,来自四川
6,9,不知道起什么名54696,死神来了6,2025-10-16 11:34:00,来自北京
6,10,"BunnyLike
",呦，老头儿还喜欢跳广场舞呐？[doge],2025-10-16 11:42:00,来自北京
6,11,"用户7827659102
",把白宫打造成罗利岛,2025-10-16 12:26:00,来自上海
6,12,"不太深情的小粽子
",真有钱挥霍啊[哈哈],2025-10-16 12:27:00,来自广东
6,13,变形拆家,终于不提中国了，莫非玻璃是美国产的？[doge],2025-10-16 11:42:00,来自广东
6,14,"欧秋_OQ
",吃汉堡炸鸡薯条需要什么精美环境？,2025-10-16 11:43:00,来自广东
6,15,不动脑子不长白发,美国人的文化水平看来都很差 看看他在做些啥事,2025-10-16 11:46:00,来自上海
6,16,"弩哥诺曼
",接着奏乐接着舞[doge],2025-10-16 12:12:00,来自北京
6,17,"风过江南63007
",马照跑 舞照跳 嗨起来呀,2025-10-16 12:18:00,来自四川
6,18,"暗__丘
",“我只想赚钱，别烦我其他”,2025-10-16 13:01:00,来自广东
6,19,"赛博空间吃瓜群众
",说句认真的，他到现在的行为举止真特么让我有了一种“我上我也行”的错觉[无聊],2025-10-16 11:37:00,来自天津
6,20,"melanie84
",他平了白宫草坪那还不算建么，再说之前也不是没办过国宴[笑cry],2025-10-16 11:44:00,来自河北
6,21,"披萨啤酒炸鸡
",之前不是要建竞技场吗？,2025-10-16 13:37:00,来自浙江
4,1,,,,
4,2,辅助就是你爹,读起来也难,2025-10-14 19:22:00,来自广西
4,3,fafa小壳,想象成二分之二啊,2025-10-14 22:55:00,来自天津
4,4,包谷猪的主人,2除以2不是一吗？,2025-10-16 11:40:00,来自重庆
4,5,世间竟有如此绝色,我写警也是这样无语,2025-10-16 12:22:00,来自广东
4,6,ENZO201808,2/2，我会了，二分之二……,2025-10-16 12:22:00,来自广东
4,7,Qian_lovedog,不就是2/2,2025-10-16 12:27:00,来自福建
4,8,,[允悲],,
4,9,修改昵称次数2,二分之二哇，我感觉你写这么多字，就这个最好写啊[哈哈],2025-10-16 11:14:00,来自江苏
4,10,用户7740347140,二分之二嘛这不是,2025-10-16 13:00:00,来自广东
4,11,莉花小猪猪,2/2？,2025-10-16 13:06:00,来自湖北
4,12,揪了揪兔耳朵,二…二分之二？,2025-10-16 13:08:00,来自云南
4,13,柳蒿芽拌辣椒油,2/2,2025-10-16 13:09:00,来自美国
4,14,丨心平气荷,这字跟俄罗斯方块似的,2025-10-16 13:19:00,来自上海
4,15,江小白-_,天天买热瘦  有意思？,2025-10-16 18:58:00,来自广东
4,16,"荔芝荷雪糕
",发音也[笑cry],2025-10-14 01:35:00,来自中国香港
4,17,Duras,其他语言都有美感，就韩语给我感觉跟鬼画符似的[弱],2025-10-16 13:48:00,来自广东
4,18,兜爱咬拖鞋,我们老中觉得很容易,2025-10-16 13:16:00,来自广东
4,19,老A-002,[泪],2025-10-16 13:54:00,来自广东
7,0,雨歇东山天外兮 ,以色列就是地球毒瘤！,2025-10-16 15:22:00,无
7,0,"duy1976
",以色列人已经变态到这个地步了么 @以色列驻华使馆,2025-10-16 18:57:00,无
7,0,玫瑰刺Rosethorn ,转发微博,2025-10-16 15:56:00,无
7,0,枣庄笑笑笙 ,,2025-10-16 15:53:00,无
8,0,"二愣子说穿搭
",维护我国的稀土安全,2025-10-16 09:46:00,无
8,0,"环球旅游攻略咖
",稀土资源是科技发展的基石，蔡博士的预测很有道理。,2025-10-16 01:19:00,无
8,0,九万里53719 ,,2025-10-16 06:16:00,无
1,1,"老王踏浪而来
",哈马斯对待自己的同胞毫不手软,2025-10-16 09:18:00,来自甘肃
1,2,"波波码
",,2025-10-16 09:03:00,来自湖南
1,3,缠绕时间线,都是魔鬼,2025-10-16 10:54:00,来自四川
1,4,用户9148410265,女拳就是这样的，对好人打拳，对坏人宽容。 枪指着好人才能爆金币啊，坏人那里是拿不到的。 白左的核心就是女拳。,2025-10-16 10:33:00,来自江苏
1,5,"老默0011
",哈马斯底色,2025-10-16 08:16:00,来自福建
1,6,"土豆片炒虾仁
",哪方文明？哪方野蛮？哪方先进？哪方落后？——一目了然！,2025-10-16 10:09:00,来自北京
1,7,周星星63,转发微博,2025-10-16 08:54:00,来自广西
1,8,"用户7450189881
",换成以色列当街成排处决，人权组织内裤都要跳掉,2025-10-16 08:57:00,来自四川
1,9,狼牙蚌,知道谁能惹谁不能惹，又坏又怂的B左~,2025-10-16 05:32:00,来自美国
1,10,皖沪京浙京,白左精明的很，抗议哈马斯，背后金主不发薪水，最重要的是哈马斯根本不鸟他们。,2025-10-16 09:59:00,来自孟加拉
1,11,"用户5122281175
",,2025-10-16 09:27:00,来自河北
1,12,"迈克斯考菲6
",巴勒斯坦人极少有无辜的，为自己的行为承担后果也是应该的。,2025-10-16 12:06:00,来自浙江
5,1,"糊糊涂涂开客机
",印度人也认为中国缺粮的，去年我还看到印度人在X上威胁不卖中国大米。,2025-10-15 21:46:00,来自江苏
5,2,爆辣饺子蘸水,美国人：中国人吃不上饭 国内大V：美国稀土品位高，数量多，购买都是为了环保 美国人放的屁都是大麻镶气[可怜],2025-10-16 01:25:00,来自湖南
5,3,"左san岁
",美国的教育就是把普通人教育成蠢货,2025-10-16 06:16:00,来自山东
5,4,"张纤也有重名啊
",[挖鼻],2025-10-16 08:09:00,来自上海
5,5,"朵拉A梦7087
",多好啊，越多这种认知，越利好我们。,2025-10-15 19:17:00,来自广东
5,6,世界核平_,挺好的,2025-10-15 19:30:00,来自四川
5,7,"白菜白黄韭黄
",好饿，这几天光吃贝贝南瓜。家里没有粮食了[doge],2025-10-15 19:49:00,来自山东
5,8,果馅豆包,我挺喜欢对面的精神和智商状态，保持住[doge],2025-10-16 12:20:00,来自河北
5,9,幽然而默,就给人一种，它都那样了，你还………,2025-10-15 20:12:00,来自北京
5,10,"在路上194999999999
",对对对，赶紧限制出口大豆[嘻嘻],2025-10-16 07:32:00,来自北京
5,11,"蓝小新99
",信息囚笼而已，没啥好奇怪的，当然，这也凸显出tiktok的难能可贵。,2025-10-16 08:59:00,来自湖南
5,12,我善啊,他们在犹太人搭建的信息茧房里活的好开心。难怪他们还不造反，原来是觉得比他们惨的人大有人在，他们的生活已经很好了，要珍惜。[笑cry],2025-10-16 10:36:00,来自广东
5,13,"给亚索加蓝条
",李大卫，自己人啊,2025-10-15 21:27:00,来自云南
5,14,"你全家都是笑话
",今天吃烤羊排，撑死睡不着，起来喝茶解腻[二哈],2025-10-15 22:45:00,来自广东
5,15,"见得多活得久
",好惨啊，美国大豆吃不了了，只能用稀土自己种大豆了,2025-10-16 10:37:00,来自四川
5,16,半分媚眼11111,很好,2025-10-15 19:15:00,来自河南
5,17,就是一个过客518,呵呵，一群生活在19世纪的玩意儿！,2025-10-15 21:09:00,来自四川
5,18,"yyhh20152015
",让他们一直这么认为好了[doge],2025-10-15 21:29:00,来自山东
5,19,"马爱国同志
",看蛙媒说的,2025-10-15 19:16:00,来自四川
5,20,"helent69
",港曱甴[笑cry],2025-10-15 20:13:00,来自中国香港
5,21,"伦敦路的虎先锋
",饿的天天啃手机[喵喵],2025-10-15 20:14:00,来自江苏
5,22,猪猪王小萍,确实饿的心慌，晚上都吃大闸蟹充饥了[不愧是你],2025-10-15 20:54:00,来自浙江
6,1,,,,
6,2,,[doge],,
6,3,,,,
6,4,,,,
6,5,,,,
6,6,"饼干叔叔嚄
",三哥：别说了别说了,2025-10-16 08:52:00,来自辽宁
6,7,飞虎_飞虎,哪壶不开，天天提哪壶,2025-10-16 08:53:00,来自上海
6,8,"热情似米花
",对三哥贴脸反复输出,2025-10-16 08:53:00,来自山东
6,9,"jenycadie
",莫迪：继续买俄油,2025-10-16 08:54:00,来自上海
6,10,,,,
6,11,发电用爱台巴子,他还要戳三哥几次[偷笑],2025-10-16 12:03:00,来自湖南
6,12,"皮皮乖小小
",“可是，为什么不给我颁奖？”,2025-10-16 08:58:00,来自广东
6,13,"但愿云间翔
",川子真的，一天到晚的，梦到哪句说哪句[笑cry],2025-10-16 09:06:00,来自天津
6,14,"mimetite
",人家总统的情商太高了。,2025-10-16 09:35:00,来自上海
6,15,"人生别犯错
",莫迪：领于国际[怒],2025-10-16 10:15:00,来自广东
6,16,"旧金属流派
",官方认证,2025-10-16 11:45:00,来自北京
6,17,"猴大宝
",他脑子好像只能记当天的事情，跟鱼一样，不会拐弯，想起啥就说啥，哈哈哈哈,2025-10-16 12:15:00,来自山东
6,18,"用户7837123580
",还要打脸魔笛？,2025-10-16 08:55:00,来自上海
6,19,"Tertullian
",这就是三哥声称击落F16的后果[二哈],2025-10-16 08:51:00,来自北京
6,20,"Gemi霓
",阿三又要破防了[笑而不语],2025-10-16 08:52:00,来自重庆
6,21,"懒洋洋的呼呼
",他这一天天的，到底在说些啥啊？,2025-10-16 08:55:00,来自贵州
6,22,"晴天桜花
",这外交有些让人无语，既想要印度跟自己合作，又到处羞辱印度[费解],2025-10-16 08:52:00,来自广东
6,23,"大猫醒domi
",莫迪：俄油，加大量！人民币结算,2025-10-16 10:16:00,来自江苏
2,1,,,,
2,2,,[吐],,
2,3,,,,
2,4,"朱云说
",先开放市场,2025-10-15 18:27:00,来自北京
2,5,"黑风大王生气气
",唉，诺贝尔奖[doge],2025-10-15 18:28:00,来自上海
2,6,"找到你了_见会面
",强盗@欧盟在中国[弱],2025-10-15 18:28:00,来自河南
2,7,"HITACHISUN
",二十年前是我们拿中国庞大高铁市场换西门子和阿尔斯通的技术，现在倒反天罡了[doge],2025-10-15 18:28:00,来自广东
2,8,男人and海洋,"""如果我们邀请中国投资欧洲，必须附带某种技术转让的前提条件。""你邀请我投资，然后还要我技术转让？有点意思啊",2025-10-15 18:35:00,来自江苏
2,9,"卩东木公
",投资组装厂，关键配件国内造,2025-10-15 18:46:00,来自江苏
2,10,"幸福141313
",要不同步吧,2025-10-15 21:19:00,来自山东
2,11,"moodoo0454
",油车技术转让了几十年，结果是巩固了国外车企的统治地位，还是新能源车才搞了个样子出来[吃瓜],2025-10-15 18:51:00,来自湖南
2,12,"巴索罗缪·熊猫
",要问欧公子当下还擅长什么…那必然是“找抽”了[捂嘴哭],2025-10-15 18:51:00,来自天津
2,13,"无敌武装直升机
",凡是使用中国稀土的外国企业，必须提供10%的股份，并且在董事会增加一名中国人,2025-10-15 18:58:00,来自上海
2,14,"用户7537080437
",要转让一起转让啊，美国日本韩国一起转,2025-10-15 19:01:00,来自江苏
2,15,blank143,市场换技术的前提是对方能遵守承诺，就欧洲的信誉，不值得信任。,2025-10-15 21:25:00,来自江苏
2,16,"Kurt_Zhou
",欧洲还炸的出油水吗？[doge],2025-10-15 18:19:00,来自江苏
2,17,"Mianzhao掂过碌蔗
",给欧蠢来个大逼兜就会清醒点了[吃瓜],2025-10-15 19:07:00,来自广东
2,18,"Fatin要fighting
",快点逼一下我🐰动手抽你们，讨厌欧洲比美国还要多得多得多，一个破落户架子比美国还大。🐰不逼一下没个名义是不好动手，全靠你们自己作死了,2025-10-15 19:40:00,来自广东
2,19,"阿蒙内特
",菜单上的菜还反了天了？,2025-10-16 10:50:00,来自上海
3,0,"李小安0626
",转发微博,2025-10-16 14:24:00,无
3,0,枣庄笑笑笙 ,说的也没有错,2025-10-16 14:17:00,无
3,0,玫瑰刺Rosethorn ,,2025-10-16 14:13:00,无
9,1,"GA_TAKARABO
",怎么感觉她们团的眼光都……,2025-10-16 15:13:00,来自广东
7,1,"牛9牛8
",牛马无法摆烂[doge],2025-10-15 15:58:00,来自广东
7,2,你的我的可乐鸡翅,既然是昨天的新闻，竟然不知道自民党要和维新合作，高市还是会做首相,2025-10-16 17:52:00,来自日本
7,3,圳上锦财绅,这么多年，唯一有好感的日本首相，至少他有人性最真实的一面,2025-10-16 11:11:00,来自广东
7,4,万事俱bear,这吉祥物像核泄漏产物，真吓人,2025-10-16 11:54:00,来自湖北
7,5,"超人卡罗特
",把烂摊子丢了[酷],2025-10-15 17:24:00,来自浙江
7,6,"超人卡罗特
",已体验过本子首相，比菅义伟还当得长。赢,2025-10-15 17:25:00,来自浙江
7,7,"11号的q先生
",[笑而不语]https://wx1.sinaimg.cn/orj360/bf79c049ly1i6e2mwzud6j20tc0sfgu2.jpg,2025-10-16 11:47:00,来自北京
7,8,"6江流6和钱袋儿
",屎盆子终于甩出去的喜悦压不住了[允悲],2025-10-16 13:32:00,来自辽宁
7,9,"小初音呀
",无事一身轻,2025-10-15 15:43:00,来自北京
7,10,"大师级狐狸
",从背锅位顺利退休，那不得高兴程度+10%,2025-10-15 15:46:00,来自云南
7,11,yizhenshi,人生的快乐时光还是很难得的，享受吧[嘻嘻],2025-10-15 15:46:00,来自浙江
7,12,"_香芋_
",还得干几天，21 号才召开临时国会。,2025-10-15 15:48:00,来自日本
7,13,"3M80E2
",做人最要紧的是开心.jpg[二哈],2025-10-15 15:50:00,来自日本
7,14,"ZackWells
",回归老本行了属于是[笑cry],2025-10-15 16:08:00,来自江苏
7,15,"钱景_moneyview
",他还挺喜欢这个痔疮外脱的[污],2025-10-15 16:19:00,来自湖北
7,16,SamTANRI,石破当了超过一年首相来吧，有首相年金可以拿了能不开心吗？舒舒服服吃着养老开开心心拼小火车当军迷有什么不好。,2025-10-15 16:22:00,来自广西
7,17,"Wang-Ta-Chui
",终身退休金拿到手 以后还不用干多少活多开心,2025-10-15 16:29:00,来自广东
7,18,"双面H
",第六图的他看着也太开心了吧,2025-10-15 16:00:00,来自湖北
7,19,MargaretMOMO,离职逃离岗位的打工人精神状态都一样[开学季],2025-10-16 17:37:00,来自四川
7,20,今年改个幸运昵称,我也想下月退休[泪],2025-10-16 15:52:00,来自北京
7,21,后来的石头,这个破班谁爱上谁上[允悲],2025-10-16 13:12:00,来自河北
8,0,"投资研究赵师兄
",然后每次给一点食物，好让里面的人互相争抢，希望他们自相残杀。最后大部分人死掉，剩下的被以色列轻松解决。,2025-10-16 14:10:00,无
8,0,玫瑰刺Rosethorn ,苦难的加沙,2025-10-16 14:11:00,无
8,0,"江夏云飞
",巴勒斯坦超话//@玫瑰刺Rosethorn: 苦难的加沙//@何天恩:正解//@投资研究赵师兄:然后每次给一点食物，好让里面的人互相争抢，希望他们自相残杀。最后大部分人死掉，剩下的被以色列轻松解决。,2025-10-16 15:13:00,无
8,0,枣庄笑笑笙 ,转发微博,2025-10-16 14:16:00,无
4,1,,[皱眉],,
4,2,,,,
4,3,,,,
4,4,"永远的飞翼零
",麦克阿瑟：我有一计,2025-10-16 14:37:00,来自广东
4,5,"Stalino_41
",之前美国政府停摆时，美军工资是怎么发的？,2025-10-16 14:09:00,来自江苏
9,1,behere-,善良的人们[泪],2025-10-16 16:49:00,来自云南
9,2,"用户7953145877
",先问生在哪？,2025-10-16 17:00:00,来自江苏
9,3,"Blue菲林
",[加油],2025-10-16 15:23:00,来自北京
9,4,"秋水-长天2010
",就问午餐吃啥。。,2025-10-16 16:56:00,来自上海
9,5,且听风吟万岁689,[抱抱],2025-10-16 18:16:00,来自陕西
9,6,"A老裁缝
",👍👍👍👍,2025-10-16 19:02:00,来自上海
9,7,"研究老鼠砖家领先世界
",责任在米蒂,2025-10-16 18:50:00,来自山东
9,8,lzqsn,伟大的国家和人民！,2025-10-16 16:08:00,来自安徽
9,9,"苏乐少年
",感动人心是那一份人性的光辉🙏,2025-10-16 18:34:00,来自上海
9,10,"古格拉45242
",爱是慈悲，爱是勇气，爱是对生命不舍的珍惜与不屈的热情…….,2025-10-16 14:21:00,来自湖南
9,11,"LAA综合焦
",爱能战胜病魔，爱是永恒不朽。,2025-10-16 20:01:00,来自中国香港
9,12,"江淮视野自媒体
",都是美帝阴谋,2025-10-16 16:12:00,来自安徽
9,13,"用户7812837439
",转发微博,2025-10-16 20:07:00,来自四川
1,0,黄家阿桂2024 ,//@荔枝红了201006:我的天，这怪物居然是法官。,2025-10-16 14:26:00,无
1,0,微风细雨e ,这些妖魔鬼怪，本该和猴子在原始森林里抢食，如今享受着人类文明生活，却还嚯嚯文明，真是天理难容,2025-10-16 14:36:00,无
10,1,,[偷笑],,
10,2,,,,
10,3,,[doge],,
10,4,,[二哈],,
10,5,"天天都很暴躁呀
",阿三能放弃这油水？？？不卖石油卖地沟油？,2025-10-16 08:44:00,来自福建
10,6,"kekeshu20863
",莫迪给他托梦的不行吗[哼],2025-10-16 08:45:00,来自浙江
10,7,"狼过华泰条狗
",吹牛皮这块印度老仙简直就是奶龙的祖师爷[二哈],2025-10-16 11:04:00,来自广东
10,8,变形拆家,莫迪说的话比川帝说的假不了多少[doge],2025-10-16 09:02:00,来自广东
10,9,"惊鸿一面1258
",印度不倒卖俄油，怎么满足广大辛格专员的胃口，怎么研发我大光辉战机[doge],2025-10-16 08:51:00,来自江苏
10,10,"yokoha202001
",印度不买，巴拉特继续买[摊手],2025-10-16 09:38:00,来自澳大利亚
10,11,"焚风峡谷守望者
",印度不从俄罗斯进口石油，和我巴拉特有什么关系？[怒],2025-10-16 08:44:00,来自四川
10,12,"老刀是路人
",期待苏杰生马上打脸,2025-10-16 08:45:00,来自北京
10,13,"哇哦太好了
",不信,2025-10-16 08:46:00,来自海南
10,14,"doom一般水獭
",真的吗？我不信[doge],2025-10-16 08:50:00,来自北京
10,15,Mr-左生,开启耍皮泼赖模式[二哈],2025-10-16 08:50:00,来自广东
10,16,"23766好爱你
",反正我是不信[允悲],2025-10-16 08:53:00,来自河南
10,17,,,,
10,18,"狐仙说
",没可能，因为能源结构短时间无法改变，无论个人说什么都一样。有几个像绿党那样的蠢货扎堆啊……没有，只有德国有这种蠢货,2025-10-16 08:44:00,来自广西
10,19,"叶舞风中的微博
",印度就是屎，不管沾着多少，除了恶心就是恶心！,2025-10-16 14:45:00,来自河南
10,20,静观其变YES,又要挑拨离间印度跟俄罗斯的关系[哈哈],2025-10-16 13:57:00,来自马来西亚
10,21,"晴天桜花
",印度不想搞钱了吗，那也不是不行[doge],2025-10-16 08:45:00,来自广东
2,1,POPBBVC,懂王的说话逻辑就是扣帽子甩锅加灾难幻想。,2025-10-16 14:29:00,来自湖北
2,2,KeithYib_reborn,满海无主的芬太尼！,2025-10-16 16:33:00,来自广东
2,3,"捏团子的小巫女
",这个课题开多久了,2025-10-16 13:51:00,来自北京
2,4,"yuqianxin
",美国撞委内瑞拉，我们也可以撞菲律宾啊,2025-10-16 14:07:00,来自浙江
2,5,"胖da昕
",他这句话到底说了个啥[费解],2025-10-16 16:15:00,来自江苏
2,6,"希挨斥搭不溜
",大炮打蚊子,2025-10-16 14:28:00,来自陕西
2,7,"侧耳倾听呵
",炸光了船不需要验证就可以随便编了， 你可以说船上运毒品，运钻石，运鲜花， 运100个特朗普仿生人取代他哈哈哈哈哈哈,2025-10-16 14:17:00,来自福建
2,8,"dearyuyong
",昨天晚上又梦见啥了他[doge],2025-10-16 14:36:00,来自辽宁
2,9,"茶叶二号
",画面感比什么都重要！重要的是有场面有排面，还一定要有爆炸[二哈],2025-10-16 15:25:00,来自福建
2,10,乾坤飞弦,杜特尔特因为什么被抓海牙来着？,2025-10-16 16:21:00,来自广东
2,11,"游侠Ralf
",一本正经地不知所云,2025-10-16 14:21:00,来自广西
2,12,"德艺双馨的老刘
",还不如说海岸警卫队没发工资呢[无聊],2025-10-16 14:03:00,来自浙江
2,13,"捏团子的小巫女
",有懂王不懂的专业？，[费解],2025-10-16 13:52:00,来自北京
1,1,"夹CEO的爹
",确实龙珠没啥小孩看了[允悲],2025-10-16 06:45:00,来自北京
1,2,沃妍苏,所以到底多少钱啊[色],2025-10-15 18:04:00,来自四川
1,1,,,,
1,2,德克斯特_Choi,有点反抗强权的意味[doge],2025-10-16 06:36:00,来自广东
1,3,"蛰伏的狼
",这次没夸川普 你变了。,2025-10-16 06:45:00,来自浙江
1,4,"烦恼是毒
",脸红什么[允悲],2025-10-16 06:45:00,来自北京
1,5,"阴阳怪气的赵没普
",又想起三哥了,2025-10-16 07:36:00,来自云南
1,6,"7彩数字人生
",有牌就出！,2025-10-16 07:05:00,来自广东
1,7,"琴叶榕2009
",芯片几年前就用了，关税正在用，还有啥你倒是用啊,2025-10-16 07:08:00,来自江苏
1,8,_H9N,我们有很多“皿煮”🐶，你怕不怕[doge],2025-10-16 07:17:00,来自越南
1,9,"欢乐挣钱花
",他是说swift吗？金融核弹,2025-10-16 07:19:00,来自北京
1,10,"YORK摇客
",这话说的可怜兮兮的[笑cry],2025-10-16 07:23:00,来自辽宁
1,11,王二不懒,谁怂谁孙子,2025-10-16 07:58:00,来自江苏
1,12,夏天2157366973,这讲话完全没有“美式风格”，差评,2025-10-16 08:00:00,来自广东
1,13,北国林莽,美国要坚决维护自己的主权独立？[允悲],2025-10-16 08:00:00,来自安徽
1,14,"李太白醉泼墨
",维护自己的主权独立......................... 这是抢了我们的词嘛？,2025-10-16 08:07:00,来自江苏
1,15,苹果脆桃酥,我都知道，你们这些东西要向我发动战争了。我还把制造武器的原料卖给你？？老美这些人是怎么选上来的。打呗！一起打！[微笑],2025-10-16 08:16:00,来自贵州
1,16,"大大达达哒哒哒哒
",更有力的是啥说出来啊,2025-10-16 08:17:00,来自湖北
1,17,"天海相连却相望
",这人面相跟个窝瓜一样，天天自嗨,2025-10-16 08:57:00,来自河北
1,18,"万世蹉跎
",霉鬼有牌不打，鬼都不信[嘻嘻],2025-10-16 10:52:00,来自安徽
1,19,艾猪宝2016,哔哔歪歪的低端局，没时间陪你丫玩,2025-10-16 12:37:00,来自湖北
1,20,"用户7478268992
",一个流氓强盗扮无辜[弱],2025-10-16 13:43:00,来自江苏
1,21,"超级牙牙865
",那为什么不出牌呢？是不想吗？[doge],2025-10-16 15:36:00,来自安徽
1,22,"梦洛人生
",怎么说得我们欺负殖民你们似的？哈哈哈,2025-10-16 17:53:00,来自广东
3,0,"股票我爱你55555
",对等啊，光刻机也必须交出技术，否则，国内公司关闭,2025-10-16 16:58:00,无
3,0,buluMrCai ,海盗思维深入骨髓呀,2025-10-16 12:12:00,无
3,0,"下山-_
",欧洲市场会被这帮人折腾得越来越不重要。,2025-10-16 12:31:00,无
3,0,K线0的艺术 ,给当地提供就业还被威胁了，一群蠢货,2025-10-16 18:28:00,无
3,0,晴天橙睡不饱 ,癫了,2025-10-16 12:32:00,无
3,1,,[哼],,
3,2,,,,
3,3,,,,
3,4,"阿布宁安
",生财有道,2025-10-16 00:07:00,来自广西
3,5,"名字懒嘀想啦
",挣钱嘛，生意，不寒碜！！！[允悲],2025-10-16 00:08:00,来自重庆
3,6,"我们的梦想是星辰大海_
",凑份子结工资[哈哈],2025-10-16 00:14:00,来自新疆
3,7,"无聊才来的8737
",不去会怎么样？[doge],2025-10-16 07:22:00,来自上海
3,8,"澄橙程登
",懂王真的，不放过任何一个可以捞钱的机会[吃瓜],2025-10-16 07:44:00,来自广东
3,9,"小遇无声
",啊，我都忘记了美帝原来还在休克状态呢，都17天了,2025-10-16 02:37:00,来自北京
3,10,"坎离颠
",明末清末也是这样吗？今年真是感觉历史都从书本里活过来了啊！,2025-10-16 00:43:00,来自辽宁
3,11,,[doge],,
3,12,,[赞],,
3,13,"淡定的Vicodin
",[doge],2025-10-16 00:18:00,来自上海
3,14,"用户6621489961
",桀纣的酒池肉林[赞],2025-10-16 00:26:00,来自北京
3,15,"恰芳菲梦
",真构，不择手段。。。[写作业],2025-10-16 00:08:00,来自加拿大
1,1,"burning2aching
",差点以为是之前伦敦那个，一搜发现之前伦敦的两个跟这个人面相都很像。。,2025-10-16 12:44:00,来自四川
5,1,小河弯弯19,转发微博,2025-10-16 10:33:00,来自浙江
5,2,Quasi0995,没事再去挑他们打一次就对了,2025-10-16 10:45:00,来自上海
5,3,景韵1798,和瞌睡乔差别不大,2025-10-16 10:58:00,来自辽宁
5,4,汉裕金谷,哈哈哈哈看看后面那个三哥懵逼的小眼神[允悲],2025-10-16 11:35:00,来自山东
5,5,那年nice的夏天,梦到什么说什么[哈哈],2025-10-16 10:40:00,来自重庆
2,1,,,,
2,2,,,,
2,3,,,,
2,4,"好奇D旁观者
",你们是要造反？,2025-10-16 10:30:00,来自上海
2,5,"_愤怒与无奈_
",王冰汝暗喜，以后不用举手了。[doge],2025-10-16 11:45:00,来自广东
2,6,"卡Z飞一一卡卡Z飞不吃葱谢谢
",放下麦克风。放下摄像机。 拿起机枪,2025-10-16 09:42:00,来自广东
2,7,令狐一笑哈,转发微博,2025-10-16 10:48:00,来自湖北
2,8,"大师兄头顶的皇冠
",@胡锡进 咋评价啊老胡,2025-10-16 08:24:00,来自上海
2,9,"簌簌飞雪白
",[二哈],2025-10-16 11:02:00,来自江西
2,10,"用户7738342725
",行为艺术[挖鼻],2025-10-16 13:51:00,来自江苏
2,11,"美元美债必爆
",纠正一下，黑格赛斯是战争部长[doge],2025-10-16 08:20:00,来自广东
2,12,"繁华落幕人生无悔
",第四权被削权了？,2025-10-16 08:22:00,来自辽宁
2,13,"口1化十
",美帝要保密了,2025-10-16 08:50:00,来自北京
2,14,"随机分布银河系
",没点理想是真不行,2025-10-16 09:22:00,来自河南
2,15,"Wind_of_the_East
",狗咬狗，美媒的所谓‘记者’本来就有一堆CIA间谍,2025-10-16 09:37:00,来自澳大利亚
2,16,7756578460_400,美国什么时候有过新闻自由？你们新闻什么时候批评以色列和犹太人了？自由个屁。,2025-10-16 08:19:00,来自黑龙江
2,1,"南亚神牛动保之声
",[吃瓜],2025-10-16 08:04:00,来自辽宁
2,2,"逆光而远行
",韩华在中国也有公司吧,2025-10-16 09:14:00,来自北京
3,0,传奇人生就是我1 ,希望歼-10能进一步增强印尼空军的实力和威慑力,2025-10-16 10:54:00,无
3,0,绍兴PoLo派 ,中国歼-10战机让印尼空军实力更雄厚,2025-10-16 10:54:00,无
3,0,白黑81482 ,二手的吧,2025-10-16 16:21:00,无
3,0,混吃混吃 ,中国的歼-10战机将极大提升印尼空军实力,2025-10-16 10:54:00,无
2,0,礼客锦 ,集体做俯卧撑,2025-10-16 14:23:00,无
2,0,礼客锦 ,集体做俯卧撑,2025-10-16 12:50:00,无
1,0,Y轴刀补 ,放心，会以最高规格邀请乌克兰入约，是北约需要乌克兰。,2025-10-16 11:36:00,无
1,0,密林小屋mlxw ,越来越清晰了！,2025-10-16 16:24:00,无
4,1,,,,
4,2,,[doge],,
4,3,"苏有闹
",我晋升你为上士[哈哈],2025-10-16 08:08:00,来自黑龙江
4,4,"平常心静待花开
",你要战，便来战 ！！！,2025-10-16 08:08:00,来自湖北
4,5,"网络巡视反馈
",取消圣诞节，钱都不够花了，加班加班,2025-10-16 08:09:00,来自江苏
4,6,"KazamiYuuka旋律
",不是一直在打吗 懂王睡糊涂了,2025-10-16 08:09:00,来自辽宁
4,7,新辰9324,哦 原来才开始吗,2025-10-16 08:11:00,来自江苏
4,8,"美股------打怪背包客
",因为圣诞季已经备完货了，所以可以嚣张了,2025-10-16 08:12:00,来自广东
4,9,"melanie84
",说点我们不知道的事吧要不[笑cry],2025-10-16 08:09:00,来自河北
4,10,"酸梨蛋子weihao
",美丽国有这么个大统领真是有福了！,2025-10-16 08:15:00,来自辽宁
4,11,"小土豆大萝卜
",对家没还手的几年都不算打……,2025-10-16 08:15:00,来自北京
4,12,"奇奥2025顺顺利利
",只是为了给他自己的所作所为找正当化理由罢了,2025-10-16 09:08:00,来自广东
4,13,"恰芳菲梦
",不是从2018年就开始打贸易战的吗？我从那一年开始买华为手机 耳机的。。。,2025-10-16 09:09:00,来自加拿大
4,14,"晴天桜花
",不是 17、18年就开始了吗,2025-10-16 08:36:00,来自广东
4,15,"延安颂是部好剧
",斗鸡眼FBI局长。[哈哈],2025-10-16 09:40:00,来自辽宁
4,16,"来都来了特有谱
",之前在干嘛[挖鼻],2025-10-16 08:13:00,来自吉林
4,17,新辰9324,哇哦，原来才开始吗,2025-10-16 08:31:00,来自江苏
4,18,变形拆家,黄领带表示……[doge]https://wx3.sinaimg.cn/orj360/86c6e010gy1i6dxgafw67j20u012u45z.jpg,2025-10-16 08:48:00,来自广东
3,1,三界一尘,美帝就是纸老虎，弹丸之地二年拿不下[哈哈],2025-10-16 16:01:00,来自浙江
3,2,小河弯弯19,转发微博,2025-10-13 17:49:00,来自浙江
3,3,美神D棣,转发微博,2025-10-13 20:06:00,来自上海
3,4,小领导和老员工,阿克萨洪水威力真大[二哈],2025-10-14 02:05:00,来自广东
3,5,海韵88888,特不要脸的牲口,2025-10-15 14:09:00,来自广东
3,6,金生市,应该彻底铲除这些恐怖份子一个不留,2025-10-14 17:28:00,来自辽宁
3,1,轻书淡墨,重情重义吧,2025-10-15 22:19:00,来自广东
6,0,左岸新风 ,公明和维新在哪一块分歧这么大，竟然会是死敌,2025-10-16 13:10:00,无
7,0,用户5311078353 ,其实巴基斯坦和阿富汗，可以考虑整个普什图地区，建设成为两国特区，重点搞经济,2025-10-16 09:18:00,无
7,0,焦糖yu520 ,您的公众号不是随水留存吗？,2025-10-16 09:18:00,无
9,0,鲲鹏摇翅膀 ,作古了？,2025-10-16 13:41:00,无
9,0,柯伊伯带有点远 ,他们也喝百事可乐？,2025-10-16 10:03:00,无
9,0,在大山上养鱼的大叔 ,干得漂亮,2025-10-16 07:28:38.472885-04:00,无
1,1,"一筐会飞的面包
",画挺好的,2025-10-15 15:17:00,来自广东
1,2,Reaven-Sun,保留证据，月球是我们自古以来固有领土已得到其他国家承认[笑cry],2025-10-16 11:34:00,来自山东
1,3,喜欢水是平的,月球自古就是中国的，还有地球 我们有山海经为证,2025-10-16 12:52:00,来自广东
1,4,于舟之上,就按他画的来吧[doge],2025-10-16 17:59:00,来自辽宁
1,5,"上海简图影视文化工作室
",挺好,2025-10-15 14:40:00,来自黑龙江
1,6,"UranumgLow
",你知道的，…………是星辰大海[哆啦A梦微笑],2025-10-15 14:43:00,来自福建
1,7,"AB型老E
",不是我们的东西，我们不会硬说是自己的,2025-10-15 18:09:00,来自天津
1,8,"静待花开时23536
",真的吗？那我们要准备给嫦娥装修广寒宫了嗷～[嘻嘻],2025-10-15 22:35:00,来自山东
1,9,lole9276,本来就是啊，还养了兔子,2025-10-16 09:18:00,来自重庆
1,10,路人炳丁戊,要不是嫌弃他们穷比落后，几百年前就收做一个省了,2025-10-16 17:00:00,来自北京
1,11,"pb2134
",你看你看你看，越南都承认了[二哈],2025-10-16 19:56:00,来自广东
1,12,用户6898425756,嘲什么讽过个百八十年连你都是我的[doge],2025-10-15 13:02:00,来自四川
1,13,"嘀嘟宝宝真是天选之子
",麻烦画到木星，谢谢,2025-10-15 13:24:00,来自广东
1,14,"serendipities221
",这也不是不可以[馋嘴],2025-10-15 13:24:00,来自四川
1,15,来自海外的新鲜凤梨,整挺好，也不是不行,2025-10-15 13:30:00,来自山东
1,16,"2718281828459045e
",这不是挺好的吗，2030后地图就要改成这样了……,2025-10-15 13:32:00,来自福建
1,17,"asweas四号机
",凡日月所照，到奥尔特云[doge],2025-10-15 13:33:00,来自上海
1,18,"随风洳夜
",那就一言为定,2025-10-15 13:48:00,来自安徽
1,19,"萝卜求坑
",你们的想象我们会实现,2025-10-15 13:50:00,来自四川
1,20,漫即是脍,哈哈哈，喜欢当列强，爽,2025-10-16 08:08:00,来自四川
1,21,二马广大ECNU,本来就是，嫦娥吴刚,2025-10-15 20:23:00,来自上海
1,22,changer999,有种ntr作品里苦主嘲讽黄毛画个日穿钢板的图，那黄毛也只会笑纳啊,2025-10-15 19:51:00,来自云南
10,1,"含泪归国李开复
",@美国驻华大使馆 反正诺贝尔鸽子奖没指望了是吧[微笑],2025-10-16 12:12:00,来自江苏
10,2,"重案组之虎曹达华66
",海豹突击队工资发了吗[doge],2025-10-16 10:18:00,来自江苏
10,3,"金牛座毕宿V
",光是特种作战不太行吧？必须要有委内瑞拉内部配合，比如政变,2025-10-16 10:52:00,来自四川
10,4,"乌龙谈
",不会抓捕马杜罗吧？老马要小心啊,2025-10-16 10:18:00,来自广东
10,5,"分队在佯动
",特别军事行动[doge],2025-10-16 13:33:00,来自广西
10,6,"摸鱼刷手机
",万一被委内瑞拉军队打死，尸体挂载路灯上，不是很难看？[偷笑],2025-10-16 15:45:00,来自广东
10,7,一往而深8683,没派地面部队进去没啥用，老美的特种翻车记录也不少,2025-10-16 11:33:00,来自广东
10,8,"我想去看世界哪
",这船有啥特别的吗,2025-10-16 10:09:00,来自山西
10,9,养灰鹦鹉的培训man,沿途洒美金就走进总统府了,2025-10-16 10:01:00,来自上海
1,1,"在斗兽场玩剪纸的狮子
",和美国华裔一样。[笑cry],2025-10-16 14:33:00,来自四川
1,2,地球属于猫猫,没有车门焊死都算不错了。,2025-10-16 01:26:00,来自浙江
1,3,"鱼在天堂我在地狱
",印度对于自己怎么对待归国富商这件事是真的一点没有逼数吗？[无聊],2025-10-16 17:14:00,来自四川
1,4,打游戏的丁蟹,上岸的鱼还是鱼么？[doge],2025-10-16 01:13:00,来自山东
1,5,山水游,很多印度人以逃离印度到美西方为荣，哪会为印度发声而可能导致被遣返，毕竟润到美国也是付出极大代价的，在收回成本且盈利之前，肯定会老实服从。,2025-10-16 10:51:00,来自广西
1,6,后卫不踢球儿,[污],2025-10-16 07:06:00,来自浙江
1,7,用户7837203124,先上了公交车的阿三当然希望公交车早点关门咯,2025-10-16 07:22:00,来自上海
1,8,"随机分布银河系
",上车焊车门嘛[doge],2025-10-16 08:30:00,来自河南
1,9,"狮兄的皮毛
",已经上车了当然盼着赶紧关门发车,2025-10-16 08:51:00,来自上海
1,10,"用户6161693582
",马斯克也是移民，他坚决反移民,2025-10-16 00:20:00,来自河北
1,11,遥隔楚云端,上车后关车门，甚至焊死车门，就是人性，全世界都一样,2025-10-16 00:02:00,来自北京
1,12,,,,
1,13,"李念经的秋天
",改革开放时，还是有不少华人华侨出人出钱，就是湾湾也是出过力的，毕竟国家百年积贫积弱，拥有爱国心的中国人，是真金白银投入到国家的建设的，也有留学生回国的,2025-10-16 20:07:00,来自江苏
1,14,都市的滚龙,人家已抬旗，没变本加厉反踩你精神母国两脚已经够仁至义尽。,2025-10-16 11:11:00,来自四川
1,15,小遇无声,美帝那边的华裔也差不多吧，不反对美帝对中国凶狠。当然，华裔是帮着美帝捅刀子。不知道印度裔是不是也帮美帝捅印度？,2025-10-16 02:46:00,来自北京
1,16,keya-皮蛋,华裔还有高华，比印裔更恶,2025-10-16 09:18:00,来自江西
1,17,"叶如赤
",,2025-10-16 11:44:00,来自陕西
2,1,"超级牙牙865
",好好好，极右翼合流了[doge],2025-10-16 14:42:00,来自安徽
2,2,QWERTLKUFDSAZVCM,玉木压根就不想负责任。他觉得在台下煽动疯狂印钞放水的民粹就很爽。高市和野田连这点都看不明白吗。高市拉拢玉木的时候还说：『我愿意咱们一起担负起责任』玉木一听责任这个词更不想跟高市合作了。玉木本来就是个纯骗子。[哈哈],2025-10-16 11:00:00,来自山东
2,3,"治台2028
",看样子，非出“娘娘”不可？[吃瓜],2025-10-16 12:45:00,来自北京
2,4,"南云忠一的赛博航母
",主要还是看重军事和对外吧，主张大力发展军工驱除外国移民,2025-10-16 11:48:00,来自日本
2,5,王尔德的莎乐美23,老哥，维新会肯定乐意，但是能出血才愿意，你得看自民内部愿意大出血不[并不简单],2025-10-16 10:58:00,来自山东
2,1,你瞅你跟个斑马脑袋似的头头是道,我在xx很想你[允悲],2025-10-16 19:54:00,来自广东
2,2,"incookai
",[good],2025-10-16 10:20:00,来自山东
2,3,"陈桔年
",👍🏻👍🏻👍🏻,2025-10-16 10:26:00,来自广东
2,4,,,,
2,5,"恰北要开心
",很敢说啊 有认真考虑,2025-10-16 13:27:00,来自江西
2,6,"JH_Muah
",讲真壁画村确实太多[允悲],2025-10-16 10:40:00,来自北京
2,7,"O2dox
",[good],2025-10-16 14:20:00,来自山西
2,8,"那个S笔在叫我
",先把基础建设搞搞定吧，从首尔或仁川去个乐高乐园好麻烦啊，时间长不说这路也是…,2025-10-16 14:58:00,来自浙江
2,9,"超爱君的小花牛
",不都是一样,2025-10-16 10:27:00,来自上海
2,10,"炖猪蹄将军
",很中肯,2025-10-16 16:15:00,来自重庆
2,11,么么哒你好123,说的挺对的,2025-10-16 13:02:00,来自陕西
2,12,"木不恼
",和民众沟通的很频繁啊，[打call],2025-10-16 15:19:00,来自浙江
2,13,"樱桃家的丸子姐姐
",我们也在复制壁画村，复制艺术乡村，复制各种水乡古镇。文旅要创新思维了,2025-10-16 16:22:00,来自北京
2,14,"asdqw631
",重点 特定的公司承担了所有项目,2025-10-16 18:46:00,来自广东
2,15,"银色小鸭YARIS
",洪锡天一直都挺正能量的,2025-10-16 10:34:00,来自吉林
2,16,我不知道改什么名字5,@要草这个李羲承,2025-10-16 15:46:00,来自安徽
2,17,其实我只想一个人静静,我们也是…而且刻意营销起来的一些地方实际体验并不好….,2025-10-16 18:33:00,来自北京
3,0,QQ大象无形 ,特朗普雕像,2025-10-16 10:25:00,无
1,1,"MARCO_MJM
",这人已经语无伦次了,2025-10-15 23:25:00,来自上海
1,2,"逐日追空
",叫爸爸。。[费解],2025-10-15 23:46:00,来自广东
1,3,"赛博-钓鱼佬
",越缺什么越要证明什么,2025-10-15 21:38:00,来自四川
1,4,吃辣团体赛参与奖获得者,“还记得她吗？” “哎呀早忘了” “我还没说是谁呢” “妈个J，看比赛！”,2025-10-15 21:38:00,来自湖南
1,5,"爆梗如苏打般涌现
",要把头埋的深一点,2025-10-15 21:52:00,来自浙江
1,6,"coco2795
",现在都开始拼钢铁意志了[黑线],2025-10-15 21:58:00,来自广东
1,7,肥羊978,后面还说了一句 俄罗斯就是纸老虎 你怎么没打字说出来？,2025-10-15 22:56:00,来自河北
1,8,"明日复明日哈
",不在意就不说了啊,2025-10-15 21:32:00,来自广东
1,9,"光亮精密
",美国不在意人家欧盟在意，欧盟可要散架的。,2025-10-16 00:36:00,来自浙江
1,10,"超想吃牛蛙
",那当然，我也觉得吕特应该更在意他的父亲：特朗普。 毕竟强盗行为已经展露无疑了，孝道还是得做做样子的。,2025-10-15 21:52:00,来自山东
1,11,"伊饿叁寺午遛柒疤酒石
",神经病[二哈],2025-10-16 02:35:00,来自广东
1,0,反诈先锋阿森 ,不给祖国添麻烦,2025-10-16 00:04:00,无
1,0,反诈阿森 ,还是不去的好,2025-10-16 00:19:00,无
1,0,"a文天使
",帅哥早上好呀,2025-10-16 07:55:00,无
1,0,"a文天使
",了解了解一下,2025-10-16 07:55:00,无
1,0,"二愣子说穿搭
",调查结果,2025-10-16 02:03:00,无
1,0,"剧影妙妙屋
",哈哈我又刷到你了,2025-10-16 00:16:00,无
1,0,反诈阿森 ,真的是太乱了,2025-10-16 00:19:00,无
1,0,上海正亚化工有限公司 ,中国人有十四亿,2025-10-16 08:46:00,无
4,1,用户8009055265,先把🇺🇸华川粉送进去吧，他们愿意,2025-10-15 08:57:00,来自湖南
4,2,"镜子里的财经
",共和党也好，保守党也好，从来没有真正和种族主义脱钩。,2025-10-15 02:31:00,来自加拿大
4,3,"朵朵的葵花
",黄川粉看过来，了解一下白右的真相。,2025-10-15 05:02:00,来自美国
2,0,立立_REJUVENATED ,笑死,2025-10-16 09:21:00,无
3,0,大小喵子 ,有病,2025-10-16 05:14:00,无
2,1,,,,
2,2,,,,
2,3,,,,
2,4,Junnie有个废纸篓砸,真的很欣赏和敬佩Jane，以及伟大的人也只是人。,2025-10-15 09:53:00,来自重庆
2,5,bbb头上的彩色泡泡,[捂嘴哭],2025-10-15 10:12:00,来自上海
2,6,bbb头上的彩色泡泡,她真好，好平静[捂嘴哭],2025-10-15 10:28:00,来自上海
2,7,yemengzhe,转发微博,2025-10-14 20:34:00,来自山东
2,8,釩菁,@圆掌,2025-10-15 09:36:00,来自广东
2,9,星空下的忘忧泉,[心],2025-10-15 09:36:00,来自澳大利亚
2,10,釩菁,感动，感谢🙏,2025-10-15 10:32:00,来自广东
2,11,bbb头上的彩色泡泡,感觉珍是infp,2025-10-15 10:46:00,来自上海
2,12,a情情a,不管你找没找到你人生要扮演的角色，你都是很重要的。,2025-10-15 11:15:00,来自湖南
2,13,蜡烛芯,[鲜花],2025-10-15 15:21:00,来自四川
2,14,欧阳筱琬,转发微博,2025-10-15 16:23:00,来自湖南
2,15,"小鳄鱼-xey
",谢谢，受教了[作揖],2025-10-11 19:29:00,来自新疆
2,16,不想失望的愿望,这样的影片太难得了。不为轰轰烈烈的爱，不为暴风骤雨的深沉，不为翻江倒海的情绪，只为自己还为自己留一点什么。一个孤独而清醒的人，R.I.P[蜡烛],2025-10-12 22:23:00,来自北京
2,17,邻居超甜,@某某巨,2025-10-13 21:43:00,来自辽宁
2,18,竹杖芒鞋去火星,先生千古[蜡烛],2025-10-11 15:57:00,来自福建
2,19,Coffeecatwuhan,[微风],2025-10-11 18:26:00,来自湖北
2,20,-微微爱love,转发微博,2025-10-15 16:29:00,来自山东
4,1,,[允悲],,
4,2,"彭有策
",俄罗斯不会怕,2025-10-15 21:51:00,来自湖北
4,3,李明远是我男神,你说这个逼，他说的原话是把武器给北约，带来和平，他是脑子有什么病么,2025-10-15 22:34:00,来自北京
4,4,左手_左手,嘴炮。这些白皮也就对弹丸小国动动粗而已。,2025-10-16 06:03:00,来自河北
4,5,乾元11,那就只能吃蘑菇了,2025-10-15 21:33:00,来自四川
4,6,峯哥0128,尅吧！,2025-10-16 06:11:00,来自江苏
4,7,萍踪侠影-2012,转发微博,2025-10-16 08:26:00,来自辽宁
4,8,"龟兹仙子
",转发微博,2025-10-16 14:14:00,来自河北
4,9,最优海外代购,加速了[666],2025-10-15 18:27:00,来自江苏
4,10,在秘境学粤语的龙虾片,俄罗斯应该先放炮弹到美国，让这帮孙子闭嘴，总之谁打俄罗斯，俄罗斯就和美国打,2025-10-15 21:04:00,来自广东
4,11,用户7701623803,现在北约真的变成了纸老虎,2025-10-16 13:07:00,来自浙江
4,12,我无畏奔向你,第三次世界大战要来了？,2025-10-15 17:30:00,来自河南
4,13,财伍哥,假消息,2025-10-15 21:41:00,来自上海
4,14,MARCO_MJM,好期待[笑cry],2025-10-15 21:48:00,来自上海
4,15,快乐12389724,杀吧[打call],2025-10-15 22:06:00,来自云南
4,16,超级大本营2003,[允悲],2025-10-15 22:16:00,来自江苏
4,17,gyq39,期待双方大打出手,2025-10-15 18:33:00,来自福建
4,18,小河弯弯19,转发微博,2025-10-15 20:33:00,来自浙江
4,19,丑钝软,嘴炮 蘑菇云腾起之前 看都不看[馋嘴],2025-10-15 22:52:00,来自湖北
4,20,我也是不知道应该叫啥呢,干得漂亮！,2025-10-16 19:03:00,来自河北
4,21,用户8004932807,不知天高地厚，想一口吃了俄罗斯，好大的口气,2025-10-15 21:54:00,来自广西
4,22,北宋惘然,我前两天推论美国在局限下闪电打击下俄罗斯是美国最大化选择，同时继续利诱：我是让你还是让德国来做欧亚宪兵,2025-10-16 10:44:00,来自四川
4,23,怎么又注册一个2016,他说这，北约听不听？,2025-10-15 19:06:00,来自河南
3,0,辰风81 ,,2025-10-16 10:27:00,无
5,1,Filippo7389,欧洲有内鬼踩刹车，团结是团结不了的[doge],2025-10-16 06:06:00,来自江苏
5,2,"身体健康领域非专业人士
",看不懂,2025-10-16 02:47:00,来自浙江
5,3,胡说狐有理198309,估计欧猪要说：美国爹地先来，我跟进,2025-10-16 09:42:00,来自安徽
5,4,"培锋2025
",加紧抓紧夹紧[doge],2025-10-16 01:06:00,来自广东
5,5,"南境小霸王
",欧洲也跟进一下，反正都这么疯狂了,2025-10-16 00:55:00,来自湖南
5,1,"reactor_core
",damn！美国佬取消了100%的关税，我们本来计划收200%的也取消了，又让懂王赢了,2025-10-16 10:52:00,来自上海
5,2,Monsterllllllll,脑子坏了吧，你们加税我们也会对等加，延长加税，我们当然也只是延长啊,2025-10-16 07:14:00,来自北京
5,3,"理智垚鑫
",他想为美国的稀土建立缓冲期，绝对不能同意。,2025-10-16 07:15:00,来自湖北
5,4,终于可以注册88,关税对关税，关稀土屁事！稀土从此就不要想了,2025-10-16 07:16:00,来自湖北
5,5,"流沙狼牙土豆
",还搁那儿做梦呢。可爱的沙雕，白头的那种[微笑],2025-10-16 07:20:00,来自北京
5,6,北斗之南V,拿个虚头巴脑的硬创造出来的条件换取真金白银，你真是大漂亮,2025-10-16 07:27:00,来自江苏
5,7,"你太叽叽咕咕
",你停关税，我停关税，你停禁芯片我停禁稀土，老登在想啥呢[思考],2025-10-16 07:30:00,来自广东
5,8,"用户7240152296
",得让菊花在美的卖手机和基站,2025-10-16 07:47:00,来自北京
5,9,"Welfred-A
",如果不恢复到今年1月20日之前的状态。我们预估将不会延迟落地时间。,2025-10-16 08:01:00,来自上海
5,10,网侠飞客V,,2025-10-16 08:04:00,来自上海
5,11,"九九不零
",稀土不是工业味精吗，就别卖咸盐价。以后稀土征100%环保税也不奇怪，定点定量，还得飞行检查,2025-10-16 08:12:00,来自北京
5,12,"Lattice2024
",贝森特把国家大事当幼儿园,2025-10-16 08:22:00,来自江苏
5,13,"子木子狂轰乱炸
",稀土必须打半年看看效果再说[doge],2025-10-16 08:37:00,来自江苏
5,14,"一贯清瘦D3115
",休你妹的战，来干啊！,2025-10-16 08:43:00,来自上海
5,15,金陵大喵,他们对稀土的关税应该作为我们普通商品的关税。,2025-10-16 08:57:00,来自江苏
5,16,"用户7551171618
",稀土是对应半导体，美帝必须撤销四月份以来一切加码半导体的制裁措施,2025-10-16 10:05:00,来自广东
5,17,"持中道
",他的脑回路认为，只有他们可以出牌？,2025-10-16 10:24:00,来自上海
5,18,"炒糊一锅
",谈判承诺回去就不当一回事，真没啥好谈了。浪费大家时间。美帝这种斗鸡性格不斗输不会消停。,2025-10-16 10:41:00,来自广东
5,19,"田园将芜吾将归
",睁眼说瞎话,2025-10-16 07:09:00,来自广东
5,20,"特珑Tromm
",还在做梦,2025-10-16 06:57:00,来自江苏
5,21,"赢金斗
",我们要的是彻底取消。反复推迟，你是想抓紧凑齐提炼稀土所需的设备吗？然后再接着打。,2025-10-16 06:54:00,来自江苏
1,1,"暗__丘
",中期选举是啥时候？随时一直提，但是老特头还不到一年,2025-10-16 09:01:00,来自广东
6,1,"反诈先锋阿森
",愿天下不在战争,2025-10-16 01:31:00,来自陕西
6,2,"东禾w
",朱拉尼的提议显示了对巴沙尔政权的支持，但叙利亚的和平与稳定需要各方共同努力。,2025-10-16 00:54:00,来自云南
6,3,"南哥的行动计划A
",[挤眼],2025-10-16 16:56:00,来自江西
6,4,"二愣子说穿搭
",解决,2025-10-16 02:02:00,来自广东
6,5,"多吉马
",愿世界和平,2025-10-16 06:33:00,来自河南
6,6,"a文天使
",世界和平,2025-10-16 07:56:00,来自广东
6,7,"a文天使
",珍惜当下,2025-10-16 07:56:00,来自广东
6,8,"反诈阿森
",珍惜当下，远离战争,2025-10-16 01:32:00,来自陕西
6,9,"反诈阿森
",愿世界和平,2025-10-16 01:32:00,来自陕西
6,10,"反诈先锋阿森
",和平才能有好生活,2025-10-16 01:31:00,来自陕西
4,0,水果大浣熊 ,农场不会消失 只是换人了（被万斯低价买走了）,2025-10-16 07:53:00,无
4,0,切没有名称 ,现在只有黑人敢说实话了,2025-10-16 00:35:00,无
8,1,Alessia_Wang,胜利现在这形象也太像坏人了，大大大坏人,2025-10-15 12:16:00,来自天津
8,2,用户8009975021,清清白白李胜利,2025-10-15 15:00:00,来自广东
8,3,大橙子大苹果,[good],2025-10-15 15:49:00,来自山东
8,4,雨甜妮妮,。。。。。[二哈],2025-10-15 22:18:00,来自山西
8,5,"XYoki_
",@NovemberZ_,2025-10-15 20:57:00,来自海南
8,6,BB0819lover,不是 内容跟标题有什么关系？,2025-10-15 14:36:00,来自贵州
8,7,ADME_VIOLET,#李胜利# #约80名韩国人下落不明#,2025-10-16 15:03:00,来自上海
8,8,不要碰zu彩,清清白白李胜利[哈哈],2025-10-15 20:56:00,来自广东
8,9,結成32年起我們都是DOMOTO,黃荷娜啊黃荷娜，你化成灰都不放過你🪓,2025-10-15 13:00:00,来自中国台湾
8,10,"哈尼hannie
",lsl牢永一🈳,2025-10-15 13:52:00,来自福建
8,11,哈基米嚄那咩绿多,李胜利粉丝咋不来这里空了[哼],2025-10-15 14:02:00,来自四川
5,1,"眉豆鲫鱼汤
",印度的糟粕比西方的有过之而无不及[摊手],2025-10-15 13:38:00,来自云南
5,2,数据漫说,西方人就是拿起刀叉勺餐具、信仰基督教的“印度人”。在中国人的老祖宗发明的刀叉勺餐具传入欧洲之前，它们和印度一样都是【手抓饭文明】。https://wx2.sinaimg.cn/orj360/006aswhlgy1i6do1akqeaj30u014vdlr.jpg,2025-10-16 03:22:00,来自广西
4,0,"一休backed-3
",👏👏👏,2025-10-16 08:47:00,无
6,1,"李小安0626
",转发微博,2025-10-16 09:03:00,来自湖南
6,2,生如夏花xuan9,说得真好！可惜以色列那些恶魔不在乎！~,2025-10-16 09:34:00,来自云南
6,3,用户7891986837,你和你老父亲可以嫁给Hamas当男老婆，天天给他们洗臭脚被家暴，再化身父子歌姬穿塑料垃圾袋妖艳热舞跳得披头散发翻白眼也不是不可以，是的，你们父子都是俏皮的小妖精[喵喵],2025-10-16 10:17:00,来自重庆
6,4,小河弯弯19,转发微博,2025-10-16 10:34:00,来自浙江
6,5,喵姆斯,这女的还能见到么[doge],2025-10-16 08:22:00,来自广西
6,6,"小散首领
",[话筒],2025-10-16 11:42:00,来自河南
6,7,枣庄笑笑笙,正义的声音🔊🔊,2025-10-16 10:31:00,来自浙江
6,8,"难得糊涂_nan
",转发微博,2025-10-16 08:24:00,来自河南
6,9,jack_j11,精灵公主,2025-10-16 11:25:00,来自北京
6,10,玫瑰刺Rosethorn,转发微博,2025-10-16 10:37:00,来自浙江
5,1,,[doge],,
5,2,,,,
5,3,"艾薇儿女士
",建议直接给他百分之一百万的权利,2025-10-16 08:38:00,来自山东
5,4,"船长人生之星辰大海
",抓紧加，别怂,2025-10-16 08:43:00,来自浙江
5,5,小打出得了手,川之🫏…你这蹄子踢五百次还是蹄子啊[允悲],2025-10-16 08:48:00,来自广东
5,6,"强捍的标枪
",[哈哈],2025-10-16 09:33:00,来自广东
5,7,"闻人翊轩_
",继续加大力度别光打嘴炮,2025-10-16 08:50:00,来自广东
5,8,"天海相连却相望
",美国这一届天天跟狗一样嗨,2025-10-16 08:55:00,来自河北
5,9,"其实我是花痴来着
",然后川宝选了个比500小的数字加，川宝心善的人设更稳了和平奖不给川宝真的该反思[坏笑],2025-10-16 09:03:00,来自上海
5,10,"老汉爱吃鱼
",@万事支持哥  85个傻子,2025-10-16 09:06:00,来自陕西
5,11,"乖乖兔2852275481
",这个人还能做这个 职位，呵呵，100%税和500%税有啥区别,2025-10-16 09:12:00,来自上海
5,12,"五花的肥肉君
",她们真的认为老中的产品像美国的大豆一样，卖不出去就完蛋吧！老中确实是美国大豆的最大买家，但老中的产品全世界都要啊,2025-10-16 09:28:00,来自广东
5,13,"需_仁
",+100和+500大差不差 老嫂子别往自己脸上贴金,2025-10-16 09:30:00,来自广东
5,14,程序员叶帆,还嫌美股掉的不够多，美元跌得不够惨呀[允悲],2025-10-16 09:38:00,来自广东
5,15,leolimebarbeq,支持，我的黄金基金涨疯了[笑而不语],2025-10-16 09:47:00,来自上海
5,16,"ZJ_SHAO
",[哈哈],2025-10-16 09:51:00,来自北京
5,17,"心灵传输者-X
",玩关税游戏，奉陪到底，呵呵，,2025-10-16 10:14:00,来自安徽
5,18,斑大少爷,1000吧,2025-10-16 10:15:00,来自上海
5,19,"Quasi0995
",关键最后一句说出来是为啥？[doge],2025-10-16 10:24:00,来自上海
5,20,南锅的锅,之前好歹说加100%就加，现在只能找些议员给自己虚空画饼，说支持500%。[笑cry],2025-10-16 10:34:00,来自广东
5,21,红漫_30628,白皮真够低智的，你应该加百分之一万的关税，显得你多有能耐多狠？还是没进化完全。,2025-10-16 10:52:00,来自浙江
5,22,"秋缠落叶_144
",怎么这么不给我面子？500太少，起码1000才对呀[挖鼻],2025-10-16 10:55:00,来自上海
5,23,"宇智波KKYY
",好怕啊，500，[二哈],2025-10-16 10:16:00,来自贵州
7,1,,,,
7,2,,,,
7,3,,[嘻嘻],,
7,4,,,,
7,5,但丁不淡定也不能用了,全世界192个国家，真的吗,2025-10-16 02:37:00,来自上海
7,6,温暖的lover,不要低估美国养的那群狗的听话程度,2025-10-16 19:08:00,来自广东
7,7,"天山上的雪莲花2012
",自绝于世界,2025-10-16 00:53:00,来自江苏
7,8,"宇宙星辰05
",贝森特这个傻臂不是要驱逐留学生的吗？怎么要和欧洲和🇮🇳媾和了？,2025-10-16 06:31:00,来自江苏
7,9,"sail
",新任德国外长这个蠢货在支持,2025-10-16 06:52:00,来自湖北
7,10,"狼过华泰条狗
",转头兔子直接断供贸易战对手稀土，欧洲造不了车，老美造不了芯片和飞机大炮，岂不是直接笑死。 不对，还有可能w3，那还得禁止出口新疆棉及附属制品才行[doge],2025-10-16 11:16:00,来自广东
7,11,铭文于心中,感觉可能会豁免不跟风制裁的,2025-10-16 00:54:00,来自江苏
7,12,"1950的梦
",大家都别用稀土呗看谁着急,2025-10-16 07:11:00,来自北京
7,13,"Northwood1982
",问题欧洲找不到替代方案，本来跟毛子打仗已经掏空了欧老爷的钱袋了，现在还要让他们投制造业 不如让他们加入美利坚成为第5n个州算了,2025-10-16 07:46:00,来自上海
7,14,"晴天桜花
",你觉得被你吸血的小兄弟们服不服[doge],2025-10-16 08:15:00,来自广东
7,15,"sga25d
",[思考],2025-10-16 00:45:00,来自广东
7,16,"资深菜菜鸟
",解放日以来，一个正式贸易协议都没正式签订，就来连横，梦啊,2025-10-16 09:31:00,来自江苏
7,17,"晴天桜花
",割盟友吃肉，还要人跟你一起吃屎？？？,2025-10-16 08:25:00,来自广东
7,18,"恰芳菲梦
",怎么不先➕500%啊？是不想 不能还是怕通胀上天+零元购啊？[嘻嘻],2025-10-16 00:47:00,来自加拿大
7,19,"木瓜与白巧克力
",几个懂王的马子轮番上阵所说的，都是我们很多办法对付中国。其实就是说给美国人听的,2025-10-16 01:52:00,来自广东
7,20,93tilInfinity,拉几个臭鱼烂虾有什么用,2025-10-16 01:48:00,来自河北
1,1,,,,
8,1,"用户5176434359
",身材跑步模样就是黑烟,2025-10-16 17:19:00,来自北京
8,2,凯晴轩逸,服装店看来是经验丰富了[doge],2025-10-15 12:35:00,来自广东
8,3,Feigoogoo,想不到加拿大的治安都差了许多,2025-10-15 21:46:00,来自中国香港
8,4,"嗨来吧来吧努力奋斗吧
",[笑cry],2025-10-14 07:20:00,来自四川
8,5,被老外震惊了,印拿大也开始零元购了[doge],2025-10-14 08:32:00,来自浙江
8,1,"柏麒的光影
",西方强盗太野蛮了，想要中国的命。中国使用稀土武器也是迫不得已，自卫罢了。,2025-10-15 14:03:00,来自广东
8,2,"心心心已歇驰求
",要尽快摁倒美国,2025-10-15 19:44:00,来自江苏
8,3,QuatschNEXT,那就先歇着吧，我们还有月球上的事要忙呢,2025-10-16 12:45:00,来自广西
8,4,"太阳照在呼兰河上
",钱和你对我都不重要，没有你对我很重要,2025-10-15 12:28:00,来自江苏
8,5,"以式裂造-阿道夫肥皂
",玩大啲，就是要你們全停！,2025-10-15 16:11:00,来自中国香港
8,6,小赵不说事,无需担心，只要不转卖给美英日韩等敌对国家，阔以坐下谈[可爱],2025-10-15 22:03:00,来自上海
8,7,"灯T小ji
",哦莫哦莫，那怎么得了[哈哈],2025-10-15 11:49:00,来自浙江
8,8,"山巅一寺一壶酒而乐吾山吾把酒吃
",土殖不这么认为[笑cry],2025-10-15 20:09:00,来自内蒙古
8,9,"财猫猫啊
",[手指比心],2025-10-15 12:14:00,来自四川
8,10,红烧肉崇拜者,欧美高科技制造业停顿，管月薪三千人民币的我什么事？你们爱停停呗，别耽误我吃肉喝酒。,2025-10-15 20:58:00,来自上海
8,11,路过的熳鱼猫,怎么觉得不要带“西方”，只要与美国划清界限就可以了。说不定离开了美国掣肘，欧洲迎来新的发展。毕竟当时欧洲崛起的文艺复兴，工业革命和美国没有任何关系，是美国摘取了他们创造的果实。,2025-10-15 19:44:00,来自福建
8,12,"龍亢之象
",真正的王炸[赞],2025-10-15 13:23:00,来自浙江
1,1,伏梦儿,[可爱],2025-10-15 08:03:00,来自安徽
1,2,小小拳师,我觉得日本人故意的，让日本人仇恨当地华裔[doge],2025-10-15 10:11:00,来自北京
1,3,用户6606586161,点赞,2025-10-15 08:37:00,来自上海
1,4,吾先生1017,回国带货，我用买买买支持你为正义发声的行为！,2025-10-15 09:44:00,来自贵州
1,5,"寿巴
",她没有办法选择出生地，但是他可以选择站在民族和正义的一边,2025-10-15 01:19:00,来自广东
1,6,"釷鈀鉝鈒銠
",为正义发声,2025-10-15 01:12:00,来自江苏
1,7,久我山大院,那我们93纪念抗战胜利，日本为啥还要指指点点？,2025-10-15 10:49:00,来自北京
1,8,"不善言辞爱国熊猫
",日本嘉宾的意思是：我们之前就在偷东西，只是近三十年才被指出来,2025-10-15 13:07:00,来自上海
1,9,"南亚神牛动保之声
",说的好[赞],2025-10-15 07:01:00,来自辽宁
1,10,"ImYRbiggestFaN
",挺好的啊。比这个好到哪里去了[怒]https://wx1.sinaimg.cn/orj360/008G11hxgy1i6cf73desmj30g60x7qkg.jpg,2025-10-15 01:31:00,来自湖北
3,1,Only-XiYu,可以送外卖啊[哆啦A梦害怕],2025-10-15 21:46:00,来自广西
3,2,kaniba_654,基督教也算一神教啊，在它们眼里我们也是异教徒。[允悲],2025-10-15 22:38:00,来自福建
3,3,酷哥173031,欧美不是指责我们不让某些宗教女信徒穿黑袍么？怎么他们现在也不让了？[笑而不语],2025-10-15 21:37:00,来自广东
3,4,章简简,法律应该保护妇女的权利和自由,2025-10-15 18:48:00,来自福建
3,5,"阿拉鼠
",曾经在北大一教职工社区看到穿罩袍的，估计只是租房人员吧。,2025-10-15 21:22:00,来自北京
3,6,"莫其少年
",法律应保护个人权利，不应剥夺穿着自由,2025-10-15 18:48:00,来自广东
3,7,"man6068_739
",穿罩袍找工作难，欧美法律也要管。哈哈！,2025-10-15 18:47:00,来自河北
3,8,"yuyue993
",看来文明与落后之间的战争仍在激烈进行,2025-10-15 18:47:00,来自陕西
3,9,"婺星视频
",#加拿大裔女子因罩袍找不到工作# 看来要脱去了,2025-10-15 18:49:00,来自北京
3,10,"义乌网事
",确实不太理解[允悲],2025-10-15 18:49:00,来自北京
3,11,captain-YB,中国青海很多回族戴这种,2025-10-15 22:34:00,来自四川
3,12,葡萄葡萄我爱你呀,@加拿大大使馆官方微博 学一学吧[泪],2025-10-15 19:40:00,来自加拿大
3,13,男儿当如萨内蒂的围脖,[浪],2025-10-15 19:30:00,来自湖北
3,14,"把路灯看破2
",希望都跟上[揣手],2025-10-15 18:59:00,来自浙江
3,15,用户6069440845打酱油的,给意大利总理点个赞[good],2025-10-15 20:21:00,来自福建
1,1,名字太短还是不好,老美的氮化镓雷达一直难产，也不知道是为什么[吃瓜],2025-10-14 17:09:00,来自四川
1,2,"用户9056601153
",也没矿,2025-10-14 16:47:00,来自安徽
1,3,"朵拉A梦7087
",以彼之道还施彼身，简直完美。,2025-10-14 16:21:00,来自广东
1,4,"用户6465087885
",走私大案也同步大幅提升。,2025-10-14 16:28:00,来自山东
1,5,"胡必成李德胜的门徒
",挺好,2025-10-14 16:18:00,来自河北
1,6,treefern,同比出口重量减少185吨（4.3%），但是同比价格增加接近100%，爷涨价了，你还不得买。具体整体出口大分类同比数据我有专门整理，昨天发了个微博讲。[doge],2025-10-15 18:43:00,来自上海
1,7,"天权璇玑玉衡
",貌似镓是电解铝的副产物，卡的真不是什么技术和稀缺程度，是资本主义的核心矛盾[二哈],2025-10-15 14:59:00,来自浙江
1,8,"赵陈张李2022
",八九月份反了？,2025-10-14 20:56:00,来自甘肃
1,9,"kuma家螃蟹
",就像一只鸭子，鸭舌做药，鸭血做糕，鸭绒做衣，鸭掌做卤味，把这些都去掉之后，剩下鸭肉自然就便宜。而西方的问题是他们只想要鸭肉，那成本就不仅仅是鸭肉了。说白了，国内什么都能造，而且产量还高，一块稀土矿被不同的产业分掉，成本自然就低了,2025-10-14 16:59:00,来自广东
5,0,"一休backed-3
",战果辉煌，但是要抓那些罪犯幕后操纵者,2025-10-16 08:08:00,无
7,0,"一休backed-3
",,2025-10-16 08:02:00,无
1,1,"一个茶壶四个碗
",总觉得眼睛颜色浅看起来像瞎子[思考],2025-10-15 18:46:00,来自加拿大
1,2,皮皮懵,我怀疑这老嫂子和川子得有一腿[doge],2025-10-15 11:14:00,来自江苏
1,3,"lidjepjfg
",笑的好开心呀,2025-10-15 11:25:00,来自北京
1,4,"扔人堆里找不到的闲人
",又有一个可以敲寡妇门的理由，机会是积极创造来的！[吃瓜],2025-10-15 15:48:00,来自湖北
1,5,"哈柒八嗒
",这次好像没有贴亲亲[doge],2025-10-15 13:57:00,来自江苏
3,0,老汉爱吃鱼 ,@万事支持哥 是没钱了吧？,2025-10-16 11:06:00,无
8,1,"相信国运定投纳斯达克
",打掉鬼子两个粮仓，抗战就胜利啦？[二哈],2025-10-15 18:50:00,来自云南
8,2,"活在人间凑数欧耶
",克里米亚大桥如果被炸，乌南10多万俄军就陷入孤军深入之势，俄军后勤完全就靠一条被乌军炮火覆盖的铁路线维持，这样俄军在乌南就面临不得不撤退的窘境，撤退路上朝东朝南的两条线都可能随时被袭击。,2025-10-15 20:11:00,来自海南
8,3,開醬酒業陸生,海参崴,2025-10-16 03:26:00,来自广西
8,4,Pandalas,负资产了，人员不要安置[doge],2025-10-16 11:09:00,来自江苏
8,5,"用户7951991933
",不用核弹的后果,2025-10-16 13:56:00,来自山东
8,6,望远镜乐园99,慢火烤鹅才有味才好吃。,2025-10-15 21:09:00,来自广东
8,7,"大荔冬枣好
",自欺欺人,2025-10-16 00:10:00,来自江苏
8,8,"教授老头
",转发微博,2025-10-15 19:59:00,来自江苏
8,9,"嗨续杯咖啡
",把乌克兰打成了一个欧洲的军事强国！[good],2025-10-15 20:30:00,来自湖北
8,10,"say925-
",两兄弟打最狠,2025-10-15 18:37:00,来自广东
4,1,"幽靈船盛亞
",那就是二右聯合，中日直接交鋒不可避免。[不愧是你],2025-10-15 19:12:00,来自中国台湾
1,1,"BotanyLivesMatter20725
",这不当带投大哥？,2025-10-15 16:01:00,来自江西
1,2,"风暴Strum
",俄国人：要不我来管吧[doge],2025-10-15 15:59:00,来自湖南
1,3,"莎莎熊2025
",司机好像也有俄国籍的,2025-10-15 19:25:00,来自广东
1,4,"Watsondoctor
",球长大还是市长大？,2025-10-15 16:00:00,来自广东
1,5,"sunx74
",泽圣这是开辟了第二战场么[挖鼻],2025-10-15 23:00:00,来自北京
1,6,"虎猴马
",起义吧,2025-10-15 16:59:00,来自上海
1,7,"BunnyLike
",旅游业？[doge],2025-10-15 16:26:00,来自北京
1,8,"蔡亦骏
",军阀割据之乌克兰版,2025-10-15 16:16:00,来自浙江
1,9,"呒得闲
",不太清楚，小泽实际上管得了敖德萨吗？,2025-10-15 16:46:00,来自安徽
1,1,,[二哈],,
1,2,百里冰5019,内个壶?,2025-10-16 11:15:00,来自河北
1,3,抛流光_,许忠义？！,2025-10-16 11:42:00,来自重庆
1,4,"加点辣子香怦怦
",家丁,2025-10-15 16:06:00,来自山东
1,5,"目光一样透明27993
",绿营变民团[允悲],2025-10-15 13:18:00,来自江苏
1,6,"众心之心
",沈万三？,2025-10-15 12:15:00,来自江苏
1,7,nobodycj,去把沈一石的家抄了。不够就把郑泌倡，何茂才的家也抄了，还不够，那就把罗龙文，严世蕃的家也抄了！,2025-10-16 13:33:00,来自上海
1,8,居宽平常慎听,永远不能相信他说的,2025-10-16 16:59:00,来自四川
1,9,"懒猪猪有懒福
",牛逼,2025-10-15 12:43:00,来自江苏
1,10,"万机之神
",上个这样说的人我只知道是沈万三[doge],2025-10-16 10:50:00,来自云南
1,11,"伦敦路的虎先锋
",把贿赂说的如此合法[喵喵],2025-10-16 16:00:00,来自江苏
1,12,"空仓多
",纵兵纽约，大掠七日，这才是美军正常的发饷方式,2025-10-15 11:42:00,来自广东
1,13,"懒羊羊有心愿
",我去找个大户放放血。慷慨啊，好比说“我觉得她人很好，她肯定想把诺贝尔奖让给我”,2025-10-15 11:44:00,来自广东
1,14,本初亦有高光时,伟大的绅士：钱我出，不过利息多多少少还是要收的[二哈],2025-10-15 12:51:00,来自广东
1,15,维他命C其兴也勃焉其亡也忽焉,可得结论，美军是私人雇佣兵啊,2025-10-16 08:32:00,来自广东
1,16,无此帐号_BK,吃大帅的饭，穿大帅的衣[二哈],2025-10-15 14:39:00,来自北京
1,17,用户7988678212,鼓励美国军队私人化，我们支持特朗普拥有美国军队！,2025-10-16 18:53:00,来自上海
2,1,"鹦鹉鱼411
",这可不是个好货,2025-10-15 23:13:00,来自北京
2,2,"平凡KPF
",坡县能自力更生？？,2025-10-15 22:08:00,来自广东
2,3,"邱小姐的五福
",#玩偶大军VS美国警察##派大星皮卡丘街头尬舞抗议美警#[doge],2025-10-16 00:13:00,来自江苏
2,4,"迷人的阿柴
",他什么血统？[doge],2025-10-16 04:04:00,来自美国
2,1,"云龙湖客2010
",二傻,2025-10-16 12:47:00,来自江苏
2,2,初xia028,德国：德国从西面打，苏联从东面打，哦不，是日本从东面打，怎么样？日本：对不起！日本宁可放弃本土，也不跟中俄打，宁可撤到马里亚纳，也不跟其中一个打，你他喵的德国疯子，还怎么想到去打俩？你他喵的是不是想尝尝俺们广岛特产平地一声雷的滋味？[doge],2025-10-16 16:40:00,来自湖北
2,3,NumbersandDopamine,凡是把“基于规则的国际秩序”挂嘴边的，都是犹太资本的忠实奴仆,2025-10-15 22:38:00,来自浙江
2,4,浇水长大,这给我干哪一年来了,2025-10-15 23:11:00,来自重庆
2,5,"雨落无声55555
",意大利：？？？别看我，我要站队了[无聊],2025-10-16 07:57:00,来自吉林
2,6,"五桶工坊
",要不要把意大利也一起叫上[doge],2025-10-15 22:19:00,来自北京
1,1,"老王RR涡扇花动机
",转发微博,2025-10-15 21:25:00,来自上海
1,2,大风舞九天,一个字也别信,2025-10-16 10:26:00,来自江西
1,3,"鹰扬卫校
",如果真是42架，加上培训和配套弹药，最少50亿美元左右。歼十b改装成c，对于印尼来说，确实更划算。中国也不缺歼十，应该会答应。过5年歼十a都要退役了。,2025-10-15 21:36:00,来自浙江
1,1,,,,
1,2,,[吃瓜],,
1,3,"无限循环智慧
",最佳选择就是美资占比超25%的全部用中国造的船,2025-10-14 11:02:00,来自上海
1,4,"晴天桜花
",这是不是变相利好中国造船[doge],2025-10-14 10:34:00,来自广东
1,5,"用户7947696775
",美国关联的船舶公司用非中国的船，走中美航线，两头收费，如果用中国的船，只收一次，高明啊,2025-10-14 12:03:00,来自福建
1,6,"用户7797295078
",前阵子，小西八还在欢呼本国造船业的机会来了，不知道他们现在怎么报道的[doge],2025-10-14 10:48:00,来自广西
2,1,ID已被忠诚,图片评论https://wx3.sinaimg.cn/orj360/0060SVOegy1i6cw6h9tn3j30hs0jmmz5.jpg,2025-10-15 11:18:00,来自江苏
2,2,用户6050580858,其实这八个人是国际贩毒组织成员，杀得好！,2025-10-16 09:52:00,来自北京
2,3,最新____潮闻,这不是报复，这是锄奸！！！,2025-10-15 19:57:00,来自上海
2,4,梦你小清新,只能说内奸活该，殖人估计感同身受了[打call],2025-10-16 06:13:00,来自福建
2,5,夕阳伴夏52,叛徒活该,2025-10-16 07:37:00,来自四川
2,6,凌飞61653,汉奸该杀,2025-10-16 09:37:00,来自江苏
2,7,Ricky19888,伪军的下场[doge],2025-10-16 09:51:00,来自黑龙江
2,8,贝影1919,图片评论https://wx4.sinaimg.cn/orj360/006PMDLaly1i6ct3yr764j30wr12ntbf.jpg,2025-10-15 09:32:00,来自河南
2,9,盲流儿-超生游击队,IDF杀不过，人质又没的可杀了，就只剩杀几个“反对派”了,2025-10-15 17:12:00,来自北京
2,10,小小康大大道,小蛮子哈马斯还是不如大蛮子以军呢,2025-10-16 11:09:00,来自陕西
2,11,未来Akito,🦑🦑🐙🐙闹麻了,2025-10-16 13:09:00,来自湖北
2,12,此话当真07,短暂的欢呼过后接着卖惨。,2025-10-15 09:38:00,来自安徽
2,13,用户8011230389,杀的好[打call],2025-10-16 08:27:00,来自海南
2,14,Pape-Nidory,哈马斯应该把网络乌贼以纳嘴炮联队全部突突了,2025-10-16 13:02:00,来自山东
2,15,与历史对话的人,干就完了,2025-10-15 22:18:00,来自浙江
2,16,云中慈悲,二鬼子应有此报,2025-10-15 19:31:00,来自江苏
3,1,"大公公橘猫Mike
",支持不变,2025-10-15 15:59:00,来自上海
3,2,"反诈先锋阿森
",和平才能有好生活,2025-10-15 15:20:00,来自陕西
3,3,"空腹吃货
",滴滴,2025-10-15 15:14:00,来自河北
3,4,"东禾w
",巴基斯坦军队在中式战术展示上表现出色，体现了深厚的战术素养和灵活的应变能力。,2025-10-15 15:15:00,来自云南
3,5,"二愣子说穿搭
",发展,2025-10-15 15:20:00,来自广东
3,6,"朝夕的日记
",愿世界和平[抱一抱],2025-10-15 15:32:00,来自河南
3,7,"大公公橘猫Mike
",愿和平,2025-10-15 15:59:00,来自上海
3,8,"反诈先锋阿森
",愿天下不在战争,2025-10-15 15:20:00,来自陕西
3,9,"反诈阿森
",精彩绝伦演讲！,2025-10-15 15:23:00,来自陕西
3,10,"反诈阿森
",愿世界和平,2025-10-15 15:23:00,来自陕西
3,11,"重生之我是大包鸭
",中式战术不错,2025-10-15 16:04:00,来自河南
1,1,暴风雨下,狠话少说,2025-10-14 12:09:00,来自浙江
1,2,枣庄笑笑笙,要有什么动作了？,2025-10-14 14:33:00,来自浙江
1,3,玫瑰刺Rosethorn,话是挺硬的,2025-10-14 14:37:00,来自浙江
1,4,中书门下同平章事,嘴炮[doge],2025-10-14 17:59:00,来自天津
1,5,悟言诗畫,垃圾东西[允悲],2025-10-15 09:41:00,来自辽宁
1,6,用户7772358447,不看你咋说的，只看你咋做的,2025-10-14 21:28:00,来自河南
1,7,9yyys,说到做到[赞啊],2025-10-14 20:38:00,来自江西
1,8,阿文海天1988,[围观],2025-10-15 07:32:00,来自河南
1,9,中心微评,上次就是最好的时机。,2025-10-15 12:52:00,来自山西
1,10,520温馨的港湾,嘴炮！那还不快点去消灭？,2025-10-15 13:08:00,来自山东
1,11,盗火行者黑厄,继续黑旗？,2025-10-15 10:53:00,来自上海
1,12,,[作揖],,
1,13,小河弯弯19,转发微博,2025-10-14 14:35:00,来自浙江
1,14,紫气东来36AB,[嘻嘻],2025-10-14 14:05:00,来自河南
1,15,bobabu,它自己觉得自己又行了,2025-10-14 20:09:00,来自上海
1,16,靠谱同学wzis,这话说得太对了，不过需要行动来实。,2025-10-15 16:27:00,来自澳大利亚
1,17,小胖阿伟,现在嘴巴又嚼蛆了出来,2025-10-14 13:40:00,来自上海
1,18,用户5458220398,最近半个月吃了87个点，去微博看，胡腾涨，他给出买和卖的点位是的真牛，不管什么情况下都有的赚，已经好几个月了都是40个点起步，只要跟上就行了！sdfsrg,2025-10-14 12:05:00,来自河南
3,1,"tan90的砂之守鶴
",促进美国自立自强，挺好的，川子加油会收到美国强大的祭文的[doge],2025-10-15 15:45:00,来自北京
3,2,"我喜欢一抹红黑色
",黔驴技穷[doge],2025-10-15 12:34:00,来自福建
3,3,"用户7814691297
",北美青皮[嘻嘻],2025-10-15 12:42:00,来自上海
3,4,"我手小但是有福
",川普这一出出的看多了，现在反倒是开始担心我们的阁老们会不会打这么富裕的仗啊可千万别自己犯糊涂[费解],2025-10-15 13:00:00,来自内蒙古
3,5,"来来回回滚滚
",大哥别搞事情了，真的是头大，有个快递从美国寄来，因为写了样品，被国家征了600多的税。,2025-10-15 13:04:00,来自浙江
3,6,"月影幽竹007
",要不，嘉吉退出中国市场？[doge],2025-10-15 13:22:00,来自辽宁
3,7,"执着的依米
",从哪里还能搞这么好的地沟油,2025-10-15 13:28:00,来自天津
3,8,"小兵19491001时代
",潲水油！[允悲],2025-10-15 13:36:00,来自云南
3,9,"RN_CQ
",有没有一种可能，他们进口地沟用就是用来食用的？,2025-10-15 13:38:00,来自安徽
3,10,"王大珂大王
",真没招儿了。,2025-10-15 13:52:00,来自江苏
3,11,"心向往之1
",他确实没牌了,2025-10-15 16:06:00,来自北京
3,12,"里海海步一般兵
",美国不是有生物乙醇吗？把大豆制成生物柴油不就得了[嘻嘻],2025-10-15 14:21:00,来自广东
3,13,"充能狗Aiyama-n_n
",就是经常被人拍到深夜工人用管子从下水道回收还要被人骂被人用来抹黑的地沟油,2025-10-15 14:49:00,来自上海
3,14,"谷雨之人
",在美国的稀土矿上种大豆，然后从大豆里提炼稀土元素，方便又环保。,2025-10-15 14:55:00,来自上海
3,15,"yuqianxin
",我倒是想继续看他的“降龙十八招”[允悲],2025-10-15 14:57:00,来自浙江
3,16,"饭后拿弯儿
",好像有不少也是厨余垃圾加工出来的,2025-10-15 15:13:00,来自北京
3,17,"欧阳佳伟_
",剩下个大招就是禁用SWIFT了，一旦用出来那真是没其他招了。,2025-10-15 15:24:00,来自广东
3,18,亲你下,华山之巅：东邪一招飞沙走石，杀气骤然而起。西毒见势不妙，祭出撒豆成兵……,2025-10-15 15:43:00,来自山东
3,19,leo-fenglx,老特经常是张口就来，功课都懒得做,2025-10-15 12:33:00,来自上海
3,20,"和于术数
",地沟油[doge],2025-10-15 12:32:00,来自河南
3,21,"沉默螺旋转圈圈
",可以用SWIFT，赶紧用吧。,2025-10-15 12:30:00,来自河北
6,1,,,,
6,2,,[笑cry],,
6,3,,,,
6,4,,,,
6,5,,,,
6,6,用户7511599535,功成名就就开始作死，历史教训[doge],2025-10-15 15:15:00,来自江苏
6,7,美式不一定加冰,新加坡也没多大   没多少人口吧,2025-10-15 16:31:00,来自辽宁
6,8,内啥忙啊,这是坡县应得的,2025-10-15 23:21:00,来自福建
6,9,盛世秘籍,恭喜坡县贺喜坡县[笑cry],2025-10-14 15:27:00,来自北京
6,10,超龄圣女显眼包,新加坡要不了多久，就会成为印家破,2025-10-14 19:48:00,来自湖南
6,11,sinokin96,未来是印度的一个城市,2025-10-15 08:19:00,来自上海
6,12,I爱吃辣椒,"You don't have to worry. Chinese blood still holds all strong positions. What you see in this clip is a Bangladesh worker hangout on their off day. They come to Singapore to do a labour job. Construction, cleaning, trash collector, etc.",2025-10-15 10:30:00,来自新加坡
6,13,AliangIyy,关我鸟事,2025-10-15 11:38:00,来自江西
6,14,韩跑跑1818,新加坡具有战略地位，如果世界有大战 新加坡绝对是靶子,2025-10-14 15:16:00,来自湖北
6,15,何几爱好者,新加坡是美国扎在马六甲的钉子，随着中国的复兴，新加坡有亲近中国的趋势，所以美国引进印度人，取代华裔，继续控制马六甲。,2025-10-14 23:50:00,来自北京
5,1,"柏麒的光影
",吕特的嘴只剩下自嗨了,2025-10-15 13:56:00,来自广东
5,2,"行走的Guevara
",[笑cry],2025-10-15 12:19:00,来自湖北
5,3,木星上的野狗,给自己打气，我们行的，呵呵，呵呵呵，哈哈。,2025-10-15 13:46:00,来自江苏
5,4,"南阁水哥
",那你怕什么,2025-10-16 11:56:00,来自浙江
5,5,"星星leo_
",吹气球🎈,2025-10-15 13:42:00,来自重庆
5,6,"131313aaa11
",经典太监进窑子炫富，银子再多卵子能长回来吗,2025-10-15 12:23:00,来自天津
5,7,"jrkeyes
",北约好强，加油干翻毛子[捂嘴哭],2025-10-15 12:12:00,来自吉林
5,8,"dbsc353
",荷兰人真狂妄[怒],2025-10-15 12:12:00,来自中国香港
5,9,东北金渐层一般兵,北约这货是荷兰前首相，这货张嘴闭嘴北约军事力量如何。看出来荷兰最近明抢中资公司的底气在哪儿了吧,2025-10-15 12:34:00,来自北京
5,10,"叶小小羲0_4
",不自量力,2025-10-15 12:09:00,来自江苏
5,11,"用户7966711564
",连F16都提供了，你北约已参战了，也没打赢，就不要往自己脸上贴金,2025-10-15 13:38:00,来自江苏
2,1,重型轰炸机_,欧洲只是桌上的一盘菜,2025-10-15 18:52:00,来自江苏
2,2,"用户Lv7_Lv9
",转发微博,2025-10-15 19:43:00,来自安徽
2,3,"进口橡皮擦
",真是个大聪明,2025-10-15 17:46:00,来自江苏
2,4,"龍亢之象
",这干孙子是飞绿叶子飞嗨了吧[笑cry],2025-10-15 14:12:00,来自浙江
2,5,"Quasi0995
",然后呢？ 你准备找个新爹？,2025-10-16 13:25:00,来自上海
2,6,风在耳语9871,还挑拨上了，这人挺有意思,2025-10-15 13:21:00,来自辽宁
2,7,"mememe无限
",太把自己当回事了！,2025-10-15 13:09:00,来自辽宁
2,8,"做个鳄鱼
",作为懂王的义子，还轮不到它上桌,2025-10-15 12:38:00,来自山东
7,1,"发电用爱台巴子
",都要靠卖来维持啦，咦，黄赌毒真是能赚，怪不得那么多网黄[挖鼻],2025-10-15 12:50:00,来自湖南
5,1,"中国聪明一休
",谢谢分享！[作揖],2025-10-15 10:13:00,来自福建
5,2,"Redbull918之六
",感谢博主[作揖],2025-10-15 08:32:00,来自北京
5,3,"八分一寸
",世界越来越不太平，买点黄金比较保险,2025-10-15 09:18:00,来自江苏
5,4,"人来人往高处走2023
",[赞],2025-10-15 08:35:00,来自广东
5,5,"难不难当仁不让
",[鲜花],2025-10-16 06:34:00,来自吉林
5,6,浙江江南2000,转发微博,2025-10-15 09:01:00,来自北京
5,7,"真正北京读书人
",打牌而已,2025-10-15 08:37:00,来自北京
5,8,"行万里路读万卷书吧
",影响深远,2025-10-16 09:18:00,来自浙江
5,9,观水听涛2015,丛林法则而已，本来这个世界就是以丛林法则为主导的规则下在运行，只是加以表面粉饰一下，伪装一下罢了,2025-10-15 10:42:00,来自山东
1,1,天天已经很高,因为有好多可以合法试药的,2025-10-16 09:04:00,来自浙江
1,2,是不是傻啊逆,这几年来已经不太行了，现在是生物制药，需要大量高端人才，大型实验大数据，以及AI等等，三现在应该挺焦急来的，一旦医药少一块，经济受损会超大,2025-10-15 19:05:00,来自江西
1,3,Tatsu_DD,以后都是生物药了，印度用头仿,2025-10-16 07:49:00,来自上海
1,4,nnail,合格的酒都不太能造的出，合格的药,2025-10-16 11:29:00,来自安徽
1,5,,,,
1,6,菲菲呀别睡了,为什么外企在华研发效率低呢别的行业好像很少有这种事吧[思考],2025-10-16 12:55:00,来自辽宁
1,7,八百里BBL,股市是干啥的,2025-10-16 11:36:00,来自河南
1,8,貓力CatPower,委托加工工厂那边的印度QA进洁净区连手都不洗 临到现场检查前竟然跑路了,2025-10-15 19:15:00,来自浙江
1,9,你隔壁邻居,辖区内很多药企人员都说印度的药品，中间体，原料药质量和品控很差的，国内要求高一点的药企基本都不能用[doge],2025-10-15 19:05:00,来自上海
1,10,溜猫逗狗的丰哥,不就是实验数据造假，然后利用英语好和对老妹法律熟悉顺利应付FDA么[允悲],2025-10-15 18:57:00,来自浙江
1,11,笨兔和赖猫,残忍的是，印度医药业最强大的就是做临床的耗材,2025-10-15 20:25:00,来自北京
1,12,一杯核桃粉,这篇文章对于医药行业以及管理部门来说，基本上没有任何意义了，在仿制药领域，国内和印度没有差别的，甚至要比印度强。创新药领域只落后于美国。国内医药行业未来的发展方向，是如何让中国医药的创新产品走世界，不仅是走向发达市场，同时也要走向发展中市场，原料药、制剂、终端销售都要走向世界。,2025-10-16 15:25:00,来自广东
1,13,YEASHMAX,药效呢？不说这个都是耍流氓,2025-10-15 18:12:00,来自四川
1,14,飘雪女王殿,那为啥这两年国内创新药全球市场占比这么大，印度一个都木有呢，说不通啊这[无聊],2025-10-15 18:43:00,来自广东
1,15,"fkgfw
",时不时毒死人,2025-10-15 18:09:00,来自北京
1,16,目茶苦茶的假正经,感觉印度的低人权优势，中国很难赶上。印度人真不管你什么医疗道德问题,2025-10-16 15:29:00,来自浙江
2,1,"建阳十九与真廿三才子
",为了比比不出庭，只好冒天下之不韪了[怒],2025-10-15 08:36:00,来自中国澳门
2,2,"娟娟酱左阿喵右阿汪心里皮卡丘
",契合小群里关于这波停战可能走向的推演[可爱],2025-10-15 01:44:00,来自广东
2,3,"伊饿叁寺午遛柒疤酒石
",[摊手],2025-10-15 02:57:00,来自广东
2,4,三千怨,阿拉伯世界始终对犹太人抱有幻想,2025-10-15 03:00:00,来自辽宁
2,5,"非牛顿固体_
",居然生效了几小时,2025-10-15 05:46:00,来自黑龙江
2,6,"用户6505318243
",这是真的墨迹未干呀[允悲],2025-10-15 06:53:00,来自重庆
2,7,"潜龙出渊2000
",为啥一点都不意外呢？加沙人还庆祝和平吗？,2025-10-15 09:12:00,来自河南
2,8,"小小一个未来
",有脑子的都不会信以畜会真停火，只是为下一次进攻做准备或把哈马斯引出来再杀而已,2025-10-15 15:11:00,来自江苏
2,9,"就初春
",担保国出来走两步[允悲],2025-10-15 17:10:00,来自浙江
2,10,"赤化北美
",特朗普就是去埃及旅游了,2025-10-15 18:29:00,来自北京
2,11,清风明月照我心I花开花落天已明,流浪千年的败类,2025-10-15 20:27:00,来自广东
2,12,"Denny熊猫
",以妥协求和平则和平亡,2025-10-15 07:08:00,来自内蒙古
2,13,"angry卡比
",这是打特朗普的脸啊。,2025-10-15 07:35:00,来自广东
2,14,"看门叔
",尿壶离法庭审判越近 就会越癫 不管签多少次都一样[无聊],2025-10-15 01:36:00,来自福建
2,15,"芷蘭茹蕙
",哈马斯大概率被内塔尼亚胡玩完！川普玩什么都可以就是不该惹哈马斯，只要以色列违背停火协议，这笔帐迟早得由川普或川普女婿肉偿！[淡淡的],2025-10-15 05:02:00,来自广东
2,16,"Web-404NotFound
",怎么可能停[无聊],2025-10-15 08:33:00,来自黑龙江
2,17,"穆逢春的圣斗士
",这么快,2025-10-15 08:15:00,来自江西
2,18,"夏树雷大湿
",不出所料,2025-10-15 01:37:00,来自广东
2,19,"乖哈词
",意料之内了,2025-10-15 01:20:00,来自安徽
2,20,"季伯疯
",,2025-10-15 16:54:00,来自四川
2,21,"奇奥2025顺顺利利
",美国和以色列不断的对全世界进行服从性测试[吐],2025-10-15 09:16:00,来自广东
2,22,"广州superben
",西方的每一次停战都是为下次屠🦈做准备,2025-10-15 05:16:00,来自广东
2,1,"FIRE以后
",很多国家人口都在减少，鱿鱼还需要新的定居点？鱿鱼数量涨得很猛吗？我都想不明白，从哪能源源不断搞出这么多开拓团畜生来。,2025-10-15 13:20:00,来自广东
2,2,用户7883905786,这种人还这么疯狂吗,2025-10-15 15:03:00,来自四川
2,3,"用户7292963213
",犹太猪,2025-10-15 17:08:00,来自上海
2,4,发电用爱台巴子,还定居点不就是抢劫犯抢人地,2025-10-15 12:54:00,来自湖南
2,5,"本儿多铂
",谁去？把带帽子那种犹太人遣送过去？,2025-10-15 14:24:00,来自山东
2,6,"zjuHxg
",又要分而蚕食之了,2025-10-15 13:00:00,来自浙江
2,7,"广州superben
",天龙和奶龙简直一模一样，奶龙打🐰被反击，以为是错觉就横扫一圈效果还在，便以为自己法力还在又过来挑衅。天龙打波斯猫遇到反击也以为错觉我，便又扫周边同时打王爷，然后又回来扫场[允悲],2025-10-15 16:18:00,来自广东
2,8,"NCC-1919-B
",锡安版“生存空间”理论,2025-10-15 12:54:00,来自上海
3,1,爱-ts,在核电厂干过一段时间，准确说建核电厂，还是十年前，他们两口子干到现在不要太爽，早就高升了，中国这二十年建了好几个大型核电站，里面环境不要太好,2025-10-14 20:21:00,来自江苏
3,2,"qwop1290
","分享一位女士的故事：此女中文系毕业,想来至少是本科生;在一政府机关任职,想来至少是公务员，移民加拿大的自的是为儿子能接受西方教育,想来对自己学的、干的,以及所属的又明、国家和群体皆无好感;从她自己讲的故事来看,并没有受不安全或不公正的迫害,想必只是对平庸人生心存幻想。",2025-10-14 18:24:00,来自辽宁
6,1,9yyys,摩萨德杀人不眨眼,2025-10-15 21:49:00,来自江西
6,2,小河弯弯19,转发微博,2025-10-15 10:42:00,来自浙江
6,3,用户7577128749,都知道,2025-10-15 12:44:00,来自陕西
6,4,枣庄笑笑笙,转发微博,2025-10-15 10:41:00,来自浙江
6,5,玫瑰刺Rosethorn,转发微博,2025-10-15 10:46:00,来自浙江
6,6,"投资研究赵师兄
",说不定人家还心中窃喜呢,2025-10-15 09:20:00,来自北京
6,7,天书散落人间成预言,摩萨德是美国的影子政府，密集监控着美国每一个政客。只要有反犹疑点，立马清除。查理·柯克就是典型案例。,2025-10-16 06:14:00,来自江苏
6,8,鸡虫急眼了,这就是川老癫不顾一切助纣为虐以畜鬼子军疯狂屠杀加沙平民儿童的根本原因吧，怕被亲爹以畜鬼子军给那啥了。,2025-10-16 03:20:00,来自北京
6,9,那年nice的夏天,摩萨德的操作吧,2025-10-15 08:02:00,来自重庆
6,10,"李小安0626
",转发微博,2025-10-15 14:22:00,来自湖南
8,1,"田心GPT
",我在莫斯科的时候，一次赶上卫国战争纪念活动，我在纪念馆，看到有个十几岁的当地小朋友，拿着玩具枪对着卫国战争英雄雕像在那里突突突，他父母就在旁边笑嘻嘻地看着，我当时就生气了。之后我去参加悼念活动，看到旁边一群官员军官有说有笑地进去大厅，我那时候比较年轻，脾气不好，甩手就走了。[思考],2025-10-15 14:37:00,来自广东
8,2,"行悟余生
",感觉斯拉夫人对纪念碑文化还是挺重视的。前苏联就建了不少纪念碑综合体。而乌克兰班德拉分子也到处砸碑。怀念或仇视都寄于冰冷的岩石上。,2025-10-15 13:33:00,来自四川
8,3,"无米秃佛
",下面人不重视自己的历史,2025-10-16 11:16:00,来自湖北
8,4,"周复率
",俄罗斯州长有权利开除区长是否说明俄罗斯的政治制度还类似军管制？,2025-10-15 15:02:00,来自福建
8,5,"汉-新息候
",给麻木不仁的长长记性,2025-10-15 13:13:00,来自上海
8,6,"中型无产阶级
",暴力美学,2025-10-15 13:46:00,来自天津
8,7,"超高能射线
",想起咱们被破坏的那些地标标语了,2025-10-15 14:13:00,来自北京
8,8,"warmpine
",你不坚定，敌人就坚定,2025-10-15 13:33:00,来自江苏
8,9,"赛博-钓鱼佬
",这州长够意思了，暗示的这么明显，可惜那货一点眼力见没有,2025-10-15 13:17:00,来自四川
8,10,"老男12345
",虽然穿的很板正 但脑子真的是一点都没有 肠满脑肥的猪头样子,2025-10-15 13:47:00,来自山东
1,1,"银河边的星尘
",授权哈马斯解除其他人的武装[doge],2025-10-15 10:08:00,来自广西
1,2,"henrywa
",记者就是要刨根问底，,2025-10-15 09:38:00,来自海南
1,3,"TOK765conner
",哈马斯解除武装，交给阿玛斯就行[嘻嘻],2025-10-15 09:39:00,来自河北
1,4,"莫斯科微号a
",焦虑症,2025-10-15 09:55:00,来自北京
1,5,"SF基拉
",他在说什么[无聊],2025-10-15 11:06:00,来自内蒙古
1,6,小小徐长卿,以前哈马斯：不让步我对美国发起恐怖袭击 现在特朗普：要么谈判，要么你赶紧袭击,2025-10-15 16:23:00,来自江苏
1,7,海盐味道的棒棒糖,虽然说老美丢掉垃圾是很，正常的操作吧，但是公开宣称授权批准本来的敌人清理门户，我爱川宝[偷笑],2025-10-15 10:19:00,来自安徽
1,8,"性感迷人布莱恩
",左右脑互博，啥也没办法。,2025-10-15 10:04:00,来自江苏
1,9,"纳豆18冠
",不是说给钱、解散、润到国外的吗？怎么回去维持秩序了[允悲],2025-10-15 09:40:00,来自江苏
1,10,黄浅微,“巴奸”的下场，虽然是注定的，但由雇主来支持……,2025-10-15 09:40:00,来自浙江
1,11,"用户7774299111
",哈马斯可以解除武装然后加入新成立的巴勒斯坦加沙人民军，继续抵抗……,2025-10-15 11:18:00,来自广东
2,1,"在餐厅玩弹弓的玫瑰花
",现在这帮货色在比赛谁能想到更坏的点子做坏事[便便],2025-10-15 11:04:00,来自上海
2,2,"嗚蘇狸狸
",開個綜藝吧，元素表一個一個聊過去，可以談一年的份[不愧是你],2025-10-15 11:38:00,来自中国香港
2,3,"大野之虎
",[哈欠],2025-10-14 23:09:00,来自广东
2,4,用户7923239455,白皮们平时不带脑子生活，临时抖一个机灵儿[嘻嘻],2025-10-15 08:15:00,来自广东
2,5,不正常人类研究中心幸存者,这不是天空新闻吗？,2025-10-15 15:11:00,来自江苏
2,6,模式很重要,哈哈哈，发财啦，又要促进我兔进步了。等着吧。[笑cry],2025-10-16 10:37:00,来自广东
2,7,天机苦海神灯,一条忠心的狗,2025-10-16 07:30:00,来自广东
2,8,"ThinkerCCC
",傻了它，让它卡。国产高纯石英不是不能用，而是影响应用产率微下降，但也就高几个点的成本，不影响大局。欢迎禁止哈,2025-10-15 11:41:00,来自江苏
2,9,"RealSpartacus
",那奶龙为什么从来不用这招呢，是他心善吗？[哈哈],2025-10-15 14:30:00,来自江西
2,10,"安NA0921
",所以，西方人就这样与我们为敌，还有一堆汉奸站他们。,2025-10-15 12:38:00,来自广东
2,11,"funnyHai
",稀土管制，让西方佬重新拾起了化学书,2025-10-15 07:46:00,来自广东
2,12,"来去彷徨
",完，石英快白菜价了[嘻嘻],2025-10-15 00:39:00,来自四川
2,13,"大脑袋和小胖
",可惜，有点晚了，我们今年刚刚好建设一条6N以上纯度的生产线，打破了美国的垄断,2025-10-14 23:52:00,来自北京
10,1,用户114514,以身证道,2025-10-14 11:25:00,来自江苏
10,2,"阿中在月球虐待外星人
",以身伺虎 牛哇[good],2025-10-14 10:58:00,来自广西
10,3,"他灭
",挺好的,2025-10-14 11:00:00,来自江西
10,4,"adx1729
",[二哈],2025-10-14 11:07:00,来自上海
10,5,"Muonoo旺柴
",新思路,2025-10-14 11:22:00,来自广东
10,6,"被抢了ID的瞎画师
",不是这帮人合着不止骗骗别人，他自己真信啊？？？？,2025-10-14 11:26:00,来自四川
10,7,"势焰田
",不懂规矩啊[笑cry],2025-10-14 11:31:00,来自四川
10,8,"用户1313888
",@张宏杰 @闾丘露薇 @周轶君 @马家辉在香港 @许子东 @李开复  ？,2025-10-14 11:37:00,来自海南
10,9,ZunYob,笑麻了,2025-10-14 11:40:00,来自贵州
10,10,"Zakosin_
",哈哈哈哈哈我的号也是这么被封的，失算了[二哈],2025-10-14 11:52:00,来自上海
10,11,"今天您要来点犹格泡泡吗
",P9简直是屠杀榜[二哈],2025-10-14 12:10:00,来自北京
10,12,"哈巴雪山洪老师
",[笑cry],2025-10-14 12:11:00,来自广东
10,13,"戴拿梢
",哈哈哈哈哈哈哈哈哈哈哈哈好搞笑,2025-10-14 12:19:00,来自北京
10,14,"Gernsback-EX
",这要是人在阿美会不会被定向发送ICE[笑而不语],2025-10-14 13:01:00,来自新疆
10,15,"妖怪哪里跑QAQ
",真的笑死,2025-10-14 12:20:00,来自浙江
10,16,"碧玉簪子
",哈哈哈哈哈哈哈被最后一张笑死哈哈哈哈哈哈哈,2025-10-14 12:42:00,来自江苏
10,17,"Jlffyexla
",有没有指路的老哥啊,2025-10-14 12:48:00,来自北京
10,18,"月照江渚
",笑死我了哈哈哈哈哈,2025-10-14 13:00:00,来自湖南
10,19,"Gernsback-EX
",哈哈 乐,2025-10-14 13:01:00,来自新疆
10,20,"北纬二十七度865
",他们原来是真的傻，[挖鼻],2025-10-14 10:57:00,来自贵州
10,21,"野马的挽歌55
",转发收藏,2025-10-14 10:52:00,来自福建
10,22,"-晚上吃啥-
",老黑蛆阴暗爬行,2025-10-14 10:52:00,来自广西
1,1,"帮帮惨死的小剀剀宝贝
",以色列恐怖组织有很多汉奸间谍狗潜伏在中国。大家注意定时炸弹,2025-10-14 23:52:00,来自广东
1,1,"青春水平线
",一气之下不用稀土？[吃瓜],2025-10-14 20:34:00,来自湖南
1,2,"王鸠飞的鸠飞走了
",[二哈],2025-10-14 21:17:00,来自广东
1,3,"-印第安土流氓-
",美国人终于开始爱好和平了没招没牌了吧[允悲],2025-10-14 21:31:00,来自江苏
1,4,"潇洒天堂88
",有本事来咬中国🇨🇳呀[笑cry],2025-10-14 21:45:00,来自浙江
1,5,凤舞九天-云卷云舒,倒打一耙,2025-10-14 21:52:00,来自辽宁
1,6,"蚍蜉眼里的星辰大海
",[笑cry],2025-10-14 21:55:00,来自广东
1,7,"飞雪骄阳1068
",美国很喜欢倒打一耙，没办法，他的宣传机器真的厉害，说啥都有一些愚蠢的不可救药人相信,2025-10-14 22:38:00,来自广东
1,8,"江南书客
",自己做了什么是一句不提啊！,2025-10-15 07:56:00,来自浙江
1,9,用户5284487393,恶人先告状。,2025-10-15 08:06:00,来自广东
1,10,"人在云端心在水下
",那咋啦[馋嘴],2025-10-15 08:16:00,来自上海
1,11,"雾里看花00180018
",睁着眼睛说瞎话,2025-10-14 22:52:00,来自江苏
1,12,世界人类和平报,美国财政部长贝森特先生！你好！请问你知道什么叫和平吗？你能回答得出这个问题吗？你根本就不懂得什么叫和平！什么叫和平主义！你能正确的回答出来吗？,2025-10-15 00:16:00,来自广西
1,13,"王天天Frax
",美国人突然爱好和平了[吃瓜],2025-10-15 00:49:00,来自北京
1,14,加禾万事兴,信口雌黄的东西[怒],2025-10-15 03:44:00,来自上海
1,15,"鱿鱼炉烤首席学徒工
",！理解不了它的脑回路。[费解],2025-10-15 05:41:00,来自河南
1,16,"俏俏妈2010__2号
",能惹不能撑,2025-10-15 06:15:00,来自山东
1,17,"赵国华1969
",[嘻嘻],2025-10-15 06:55:00,来自上海
1,18,"火火的红泥小火炉
",已经看不懂他们在说啥了,2025-10-15 07:47:00,来自上海
1,19,"胶河畔轻量级鲫鱼杀手
",咱也轮到被强烈谴责了[哈哈],2025-10-14 20:29:00,来自山东
1,20,"八卦婆罗
",[笑cry],2025-10-14 19:54:00,来自广东
1,21,"jun_lee2
",动机？国家安全啊？,2025-10-14 19:45:00,来自安徽
2,1,"Vsince1921
",别人没想到正常，在法国年年经历秋冬季大逛街的应该有心理准备吧～[666],2025-10-15 10:04:00,来自海南
2,2,"暴躁de汤圆
",说来很巧，9月22号，我离开米兰火车站没多久，就乱起来了。。。几个小时后，米兰火车站被抗议者占领，而我空降深圳。。。又几个小时后，我离开深圳，接着，桦加沙来了。。。。,2025-10-15 16:10:00,来自辽宁
2,3,"白猫映雪
",这些JC就不能摆几张桌子招募一下勇者给加沙人送一下物资吗？[二哈],2025-10-15 10:20:00,来自广东
2,4,"ICIQID卡通通给我mima
",主要是欢乐，还能搞搞零元购[666],2025-10-15 10:28:00,来自广东
2,5,"duy1976
",意大利民众的反法西斯情绪高涨！,2025-10-15 22:46:00,来自上海
2,6,"埃里温-8
",都是斯林吧,2025-10-15 21:19:00,来自北京
2,7,"利兹11_11_01
",在欧盟内部游行不行，得去北美大陆[吃瓜],2025-10-15 11:14:00,来自山东
2,8,"法国漂
",图片评论https://wx4.sinaimg.cn/orj360/8a77b89agy1i6ctwq277bj20yh0u0ad2.jpg,2025-10-15 10:00:00,来自法国
2,9,"远离巫医药
",意大利反法西斯游击队可是二战中唯一能绞死三大轴心国纳粹元凶的抵抗力量；这次环保少女船队唱的《啊，朋友再见》原本就是意大利游击队的歌。,2025-10-15 13:53:00,来自广东
2,10,"12舟舟
",刚才看见和鱿鱼的球赛正常进行,2025-10-15 11:32:00,来自山东
2,1,"Blue菲林
",估计这些人不会再回来了，没机会再回来了。,2025-10-14 22:22:00,来自北京
2,2,"波斯猫_bosimao
",养他们，实际上还挺费钱的。[笑cry],2025-10-15 09:31:00,来自天津
2,3,"laozhang0009
",养这些狗日的干嘛？不直接干掉就是为了交换俘虏吗？莫名其妙![吐],2025-10-14 22:30:00,来自河南
3,1,,,,
3,2,,,,
3,3,,,,
3,4,,,,
3,5,"烧火小妖
",金毛狮王[允悲],2025-10-16 00:34:00,来自江西
3,6,江城快车道,会不会是买美国大豆再榨油卖给美国？美国人要是学会榨油那这生意不就没了？[允悲],2025-10-16 07:33:00,来自湖北
3,7,"物换星移L
",挺好的，你的基本盘，红脖子州的农户们估计高兴死,2025-10-15 08:56:00,来自河南
3,8,"Lunestia1
",这难以理解，了解一下吧,2025-10-15 12:01:00,来自河北
3,9,"炁jkl
",了解了,2025-10-15 11:33:00,来自北京
3,10,"热苏打ying
",不买,2025-10-15 11:36:00,来自浙江
3,11,"为了微博起个名字
",是吗？看来大豆如此重要啊,2025-10-15 11:39:00,来自河北
3,12,"谁会00记得
",看不懂,2025-10-15 15:29:00,来自山西
3,13,"嘻嘻哈哈---------
",[喵喵],2025-10-15 19:32:00,来自内蒙古
3,14,草木间L,有本事一粒不买，以印制的美元统购囤积它3~5年！特色还在否？朗星还在否？谱歌还在否？,2025-10-15 13:47:00,来自山西
3,15,释放的心好情,当年1934年和1971不搞死整个美国啊，他必 付出代价。,2025-10-15 16:03:00,来自湖南
3,16,虫虫鸟儿企业经营管理,那就把那些大豆都拿去做地沟油吧。这样既不用从我们这进口，又解决了大豆的出路，多好摊上这么个癫狂无知的废物当总统，美国也真是该有这一劫[允悲],2025-10-15 08:32:00,来自上海
3,17,"冬之雪11851
",了解一下,2025-10-15 11:33:00,来自河南
3,18,释放的心好情,这个 仇，我一直记着,2025-10-15 16:04:00,来自湖南
3,19,他是谁10025,疯疯普真是天真无邪呀，战争发起者希望对方友好，这是你死我活的战争，懂吗？不是游戏！,2025-10-15 20:16:00,来自四川
3,20,"蜜斯特旺
",老特也想让🇺🇸自力更生 ，但是。。。,2025-10-15 08:55:00,来自江苏
1,1,"墙根潜伏者
",为什么不选风间由美[doge],2025-10-15 08:37:00,来自辽宁
1,2,"ZJHtakayama373
",毕竟十多年前尝过甜（对老保们来说是“苦”？）头[doge],2025-10-15 08:06:00,来自上海
4,1,,[挖鼻],,
4,2,,[doge],,
4,3,,[无聊],,
4,4,"葛布北沟
",特郎普的儿子真怕给爹找麻烦。,2025-10-14 18:36:00,来自辽宁
4,5,"神仙难日打滚B
",马克·吕特，这货是一个标准的西方政客。他可以一本正经的说瞎话[笑cry],2025-10-14 18:46:00,来自江苏
4,6,"中年啤酒肚胖子大叔
",窝里横的三姓家奴[挖鼻],2025-10-14 19:00:00,来自上海
4,7,抬眼又见花开时,美国：你们TM别害我[doge],2025-10-14 19:04:00,来自新疆
4,8,"云夕熊先生
",不能拼命啊，拼命还怎么挣钱！[无聊],2025-10-14 19:12:00,来自江苏
4,9,"湖蓝色的眼睛2005
",说的对，北约这么牛逼应该去俄罗斯空域击落俄罗斯飞机[doge],2025-10-14 19:22:00,来自安徽
4,10,通化冬泳大赛传奇裁判方虎山,终于知道殖畜那副恶心人的德行是怎么来的了，原来是跟精神主子学来的，真是主子与走狗一脉相承啊[偷笑],2025-10-15 11:06:00,来自黑龙江
4,11,"一个茶壶四个碗
",我们上菜单是因为我们很美味，值得自豪[无聊],2025-10-15 08:48:00,来自加拿大
4,12,"要钱木有要命一条
",自欺欺人啊！活得久了啥都能看到，这个世界就是个糊弄学啊,2025-10-14 21:25:00,来自浙江
4,13,"在外琴岛人
",本事呢？ 刚刚不是还在吹吗？ 干吧,2025-10-15 02:08:00,来自加拿大
4,14,"黎百川下
",主要还是他爸爸–川总太软弱了,2025-10-15 12:33:00,来自广东
4,15,"天空一样纯净
",看他摇头晃脑，张牙舞爪的德行，真想揍他一拳[偷笑],2025-10-14 18:31:00,来自上海
4,16,"范特西734958
",脑回路很清奇，反正怎么都是赢[允悲],2025-10-14 18:36:00,来自江西
4,17,"小米樊James
",他旁边那个人表情很尴尬[揣手],2025-10-14 19:07:00,来自上海
4,18,"绿树春边合
",吕奉先？？,2025-10-14 22:22:00,来自湖北
4,19,"MSR61529
",这年头都什么贵物当道,2025-10-14 19:38:00,来自上海
4,20,"Hsm_Mu
",赢就完事了,2025-10-14 19:53:00,来自广东
5,1,"熏师傅爱小美
",活干得不错，谢谢。,2025-10-15 09:57:00,来自湖北
5,2,BOLUODE船飞,川普什么时候这么油腻了[捂嘴哭],2025-10-15 17:05:00,来自湖北
5,3,"JokerFuel
",懂王干脆用新舞厅办个白宫选美大赛好了，赢了的懂王亲自颁奖，再送条蓝裙子[笑cry],2025-10-15 10:11:00,来自广东
5,4,"目光一样透明27993
",这就是美式霸凌，想看美国人怎么霸凌别人的，看懂王就行了,2025-10-15 13:35:00,来自江苏
5,5,"蓝豆豆红豆豆
",川宝真是活在自己的世界里了,2025-10-15 09:56:00,来自上海
5,6,"圣布尼塔尼亚
",毕竟是能搞选美大赛的阿川[二哈],2025-10-15 09:56:00,来自湖南
5,7,"广州superben
",这就是传说中的隔空性骚扰[思考],2025-10-15 14:40:00,来自广东
5,8,"Alex_肉
",选网红当大统领是这样的，天天就给你整活[挖鼻],2025-10-15 09:57:00,来自广东
5,9,"遗忘的Alikasa
",[doge],2025-10-15 11:47:00,来自四川
5,10,"Xmoonoon
",随口就是贬低和骚扰，他真的越来越恶心了[融化],2025-10-15 14:08:00,来自甘肃
5,11,"十三皈依三宝
",[666],2025-10-15 17:30:00,来自宁夏
5,12,"valormorghulisFS
",疯完球了,2025-10-15 11:27:00,来自北京
5,13,"眼妈的博
",宇宙最棒的脱口秀专场“我可真棒”[笑cry],2025-10-15 10:03:00,来自江苏
5,14,"奇奥2025顺顺利利
",这画面在me too时期简直不可想像,2025-10-15 12:25:00,来自广东
5,15,AlanAmoy,老年痴呆,2025-10-16 08:23:00,来自福建
5,16,"菌子蒋
",不是，摄像大哥你镜头给到位啊，转过去了也没拍到提问女记者……,2025-10-15 12:34:00,来自上海
5,17,"今年不多花500块
",简中拳师们怎么不去冲了？不会是怕吧？,2025-10-15 10:56:00,来自湖南
8,0,"火星视窗MarsWindows
",,2025-10-16 16:44:00,无
